SUPP_CODE,SUPP_NAME,BRAND_CODE,BRAND_COD2,BRAND_LINE,LINES,BRANDGROUP,GROUP,MAINGROUP,IB,TGT_QTR1,TGT_QTR2,TGT_QTR3,TGT_QTR4,TRG_TOT,SUP_TRG,RGROUP,TGROUP,RANKGRP,LINEFLAG,PRODUCT,GROUPLINES,BR_LINES,BR_CLASS,ITSUB_TYPE
16-120,PARFUMS CHRISTIAN DIOR,0100,0100,MISS DIOR,,,C'DIOR,CHRISTIAN DIOR,0,0,0,0,0,716072,54000,MISS DIOR/DIORELLA,WOMEN FRAGRANCES,WOMEN,0,,,,,
16-120,PARFUMS CHRISTIAN DIOR,0101,0101,DIORISSIMO,,,C'DIOR,CHRISTIAN DIOR,0,0,0,0,0,249642,32500,DIORISSIMO,WOMEN FRAGRANCES,WOMEN,0,,,,,
16-120,PARFUMS CHRISTIAN DIOR,0102,0102,DIORELLA,,,C'DIOR,CHRISTIAN DIOR,0,0,0,0,0,0,0,MISS DIOR/DIORELLA,WOMEN FRAGRANCES,WOMEN,0,,,,,
16-120,PARFUMS CHRISTIAN DIOR,0103,0103,DIORESSENCE,,,C'DIOR,CHRISTIAN DIOR,0,0,0,0,0,0,0,MISS DIOR/DIORELLA,WOMEN FRAGRANCES,WOMEN,0,,,,,
16-120,PARFUMS CHRISTIAN DIOR,0104,0104,POISON,,,C'DIOR,CHRISTIAN DIOR,0,0,0,0,0,397932,220000,POISON,WOMEN FRAGRANCES,WOMEN,0,,,,,
16-120,PARFUMS CHRISTIAN DIOR,0105,0105,DUNE,,,C'DIOR,CHRISTIAN DIOR,0,0,0,0,0,36742,115500,DUNE,WOMEN FRAGRANCES,WOMEN,0,,,,,
16-120,PARFUMS CHRISTIAN DIOR,0106,0106,TENDRE POISON,,,C'DIOR,CHRISTIAN DIOR,0,0,0,0,0,0,0,TENDRE POISON,WOMEN FRAGRANCES,WOMEN,0,,,,,
16-120,PARFUMS CHRISTIAN DIOR,0107,0107,DOLCE VITA,,,C'DIOR,CHRISTIAN DIOR,0,0,0,0,0,29080,70000,DOLCE VITA,WOMEN FRAGRANCES,WOMEN,0,,,,,
16-120,PARFUMS CHRISTIAN DIOR,0108,0108,DUNE - MENS,,,C'DIOR,CHRISTIAN DIOR,0,0,0,0,0,20633,164000,DUNE - MENS,MEN FRAGRANCES,MEN,0,,,,,
16-120,PARFUMS CHRISTIAN DIOR,0109,0109,HYPNOTIC POISON,,,C'DIOR,CHRISTIAN DIOR,0,0,0,0,0,0,255500,HYPNOTIC POISON,WOMEN FRAGRANCES,WOMEN,0,,,,,
16-120,PARFUMS CHRISTIAN DIOR,0110,0110,J'ADORE,,,C'DIOR,CHRISTIAN DIOR,0,0,0,0,0,500469,1097000,J'ADORE,WOMEN FRAGRANCES,WOMEN,0,,,,,
16-120,PARFUMS CHRISTIAN DIOR,0111,0111,REMEMBER ME,,,C'DIOR,CHRISTIAN DIOR,0,0,0,0,0,0,0,REMEMBER ME,WOMEN FRAGRANCES,WOMEN,0,,,,,
16-120,PARFUMS CHRISTIAN DIOR,0150,0150,EAU SAUVAGE,,,C'DIOR,CHRISTIAN DIOR,0,0,0,0,0,129500,129500,EAU S/E.S.EXTREME/JULES,MEN FRAGRANCES,MEN,0,,,,,
16-120,PARFUMS CHRISTIAN DIOR,0151,0151,EAU SAUVAGE EXTREME,,,C'DIOR,CHRISTIAN DIOR,0,0,0,0,0,595000,595000,EAU S/E.S.EXTREME/JULES,MEN FRAGRANCES,MEN,0,,,,,
16-120,PARFUMS CHRISTIAN DIOR,0152,0152,JULES,,,C'DIOR,CHRISTIAN DIOR,0,0,0,0,0,0,0,EAU S/E.S.EXTREME/JULES,MEN FRAGRANCES,MEN,0,,,,,
16-120,PARFUMS CHRISTIAN DIOR,0153,0153,FAHRENHEIT,,,C'DIOR,CHRISTIAN DIOR,0,0,0,0,0,638000,638000,FAHRENHEIT,MEN FRAGRANCES,MEN,0,,,,,
16-120,PARFUMS CHRISTIAN DIOR,0156,0156,EAU DE DOLCE VITA,,,C'DIOR,CHRISTIAN DIOR,0,0,0,0,0,0,0,EAU DE DOLCE VITA,WOMEN FRAGRANCES,WOMEN,0,,,,,
16-120D,CHRISTIAN DIOR DISCONTINUED ITEMS,0156,0156,EAU DE DOLCE VITA,,,C'DIOR DISCONTINUED,C'DIOR DISCOUNTINUED,0,0,0,0,0,0,0,EAU DE DOLCE VITA,WOMEN FRAGRANCES,WOMEN,0,,,,,
16-120,PARFUMS CHRISTIAN DIOR,0157,0157,EAU DE DIOR,,,C'DIOR,CHRISTIAN DIOR,0,0,0,0,0,0,0,EAU DE DIOR,WOMEN FRAGRANCES,WOMEN,0,,,,,
16-120D,CHRISTIAN DIOR DISCONTINUED ITEMS,0157,0157,EAU DE DIOR,,,C'DIOR DISCONTINUED,C'DIOR DISCONTINUED,0,0,0,0,0,0,0,EAU DE DIOR,WOMEN FRAGRANCES,WOMEN,0,,,,,
16-120,PARFUMS CHRISTIAN DIOR,0160,0160,HIGHER DIOR POUR HOMME,,,C'DIOR,CHRISTIAN DIOR,0,0,0,0,0,125500,125500,HIGHER,MEN FRAGRANCES,MEN,0,,,,,
16-120,PARFUMS CHRISTIAN DIOR,0161,0161,FOREVER AND EVER,,,C'DIOR,CHRISTIAN DIOR,0,0,0,0,0,0,0,FOREVER & EVER,WOMEN FRAGRANCES,WOMEN,0,,,,,
16-120,PARFUMS CHRISTIAN DIOR,0170,0170,DIOR ADDICT,,,C'DIOR,CHRISTIAN DIOR,0,0,0,0,0,347000,347000,DIOR ADICT,WOMEN FRAGRANCES,WOMEN,0,,,,,
16-120D,CHRISTIAN DIOR DISCONTINUED ITEMS,0170,0170,DIOR ADDICT,,,C'DIOR DISCONTINUED,C'DIOR DISCOUNTINUED,0,0,0,0,0,0,0,DIOR ADICT,WOMEN FRAGRANCES,WOMEN,0,,,,,
16-120,PARFUMS CHRISTIAN DIOR,0200,0200,MAKE UP-EYES,,,C'DIOR,CHRISTIAN DIOR,0,0,0,0,0,2327000,2327000,MAKE UP-EYES,MAKE UP,MAKEUP,0,,,,,
16-120,PARFUMS CHRISTIAN DIOR,0211,0211,MAKE UP-FACE,,,C'DIOR,CHRISTIAN DIOR,0,0,0,0,0,2401000,2401000,MAKE UP-FACE,MAKE UP,MAKEUP,0,,,,,
16-120,PARFUMS CHRISTIAN DIOR,0221,0221,MAKE UP-LIPS (LIPSTICK),,,C'DIOR,CHRISTIAN DIOR,0,0,0,0,0,0,0,MAKE UP-LIPS,MAKE UP,MAKEUP,0,,,,,
16-120,PARFUMS CHRISTIAN DIOR,0222,0222,MAKE UP-LIPS (ROUGE ACCENT),,,C'DIOR,CHRISTIAN DIOR,0,0,0,0,0,0,0,MAKE UP-LIPS,MAKE UP,MAKEUP,0,,,,,
16-120,PARFUMS CHRISTIAN DIOR,0223,0223,MAKE UP-LIPS (LINER+GLOSS),,,C'DIOR,CHRISTIAN DIOR,0,0,0,0,0,0,0,MAKE UP-LIPS,MAKE UP,MAKEUP,0,,,,,
16-120,PARFUMS CHRISTIAN DIOR,0224,0224,MAKE UP-LIPS (LIP GLOSS),,,C'DIOR,CHRISTIAN DIOR,0,0,0,0,0,0,0,MAKE UP-LIPS,MAKE UP,MAKEUP,0,,,,,
16-120,PARFUMS CHRISTIAN DIOR,0225,0225,MAKE UP-LIPS (DIORIFIC/INCOR),,,C'DIOR,CHRISTIAN DIOR,0,0,0,0,0,0,0,MAKE UP-LIPS,MAKE UP,MAKEUP,0,,,,,
16-120,PARFUMS CHRISTIAN DIOR,0227,0227,MAKE UP-LIPS(ROUGE TRANSPARENT,,,C'DIOR,CHRISTIAN DIOR,0,0,0,0,0,0,0,MAKE UP-LIPS,MAKE UP,MAKEUP,0,,,,,
16-120,PARFUMS CHRISTIAN DIOR,0228,0228,MAKE UP-LIPS (DUOSTYI LIPS),,,C'DIOR,CHRISTIAN DIOR,0,0,0,0,0,0,0,MAKE UP-LIPS,MAKE UP,MAKEUP,0,,,,,
16-120,PARFUMS CHRISTIAN DIOR,0229,0229,MAKE UP-LIPS(ROUGE DIOR ADDICT,,,C'DIOR,CHRISTIAN DIOR,0,0,0,0,0,0,0,MAKE UP-LIPS,MAKE UP,MAKEUP,0,,,,,
16-120,PARFUMS CHRISTIAN DIOR,0231,0231,MAKE UP-NAILS,,,C'DIOR,CHRISTIAN DIOR,0,0,0,0,0,219000,219000,MAKE UP-NAILS,MAKE UP,MAKEUP,0,,,,,
16-120,PARFUMS CHRISTIAN DIOR,0300,0300,SKIN CARE-H.D.-DRY/SENSITIVE,,,C'DIOR,CHRISTIAN DIOR,0,0,0,0,0,0,0,SKIN CARE-H.D.,FACE SKINCARE,SKINCARE,0,,,,,
16-120,PARFUMS CHRISTIAN DIOR,0301,0301,SKIN CARE-H.D.-NORMAL/COMB.,,,C'DIOR,CHRISTIAN DIOR,0,0,0,0,0,0,0,SKIN CARE-H.D.,FACE SKINCARE,SKINCARE,0,,,,,
16-120,PARFUMS CHRISTIAN DIOR,0304,0304,SKIN CARE-PRESTIGE LINE,,,C'DIOR,CHRISTIAN DIOR,0,0,0,0,0,16500,16500,PRESTIGE,FACE SKINCARE,SKINCARE,0,,,,,
16-120,PARFUMS CHRISTIAN DIOR,0305,0305,S/CARE-MAKE UP REMOVER RANGE,,,C'DIOR,CHRISTIAN DIOR,0,0,0,0,0,0,0,REMOVER,FACE SKINCARE,SKINCARE,0,,,,,
16-120D,CHRISTIAN DIOR DISCONTINUED ITEMS,0305,0305,S/CARE-MAKE UP REMOVER RANGE,,,C'DIOR,CHRISTIAN DIOR,0,0,0,0,0,0,0,REMOVER,FACE SKINCARE,SKINCARE,0,,,,,
16-120,PARFUMS CHRISTIAN DIOR,0309,0309,SKIN CARE-MASK,,,C'DIOR,CHRISTIAN DIOR,0,0,0,0,0,0,0,SKIN CARE-MASK,FACE SKINCARE,SKINCARE,0,,,,,
16-120,PARFUMS CHRISTIAN DIOR,0310,0310,SKIN CARE-IOD,,,C'DIOR,CHRISTIAN DIOR,0,0,0,0,0,0,0,SKIN CARE-IOD,FACE SKINCARE,SKINCARE,0,,,,,
16-120,PARFUMS CHRISTIAN DIOR,0320,0320,SKIN CARE-CAPTURE-RIDES,,,C'DIOR,CHRISTIAN DIOR,0,0,0,0,0,0,0,CAPTURE R60/80,FACE SKINCARE,SKINCARE,0,,,,,
16-120,PARFUMS CHRISTIAN DIOR,0321,0321,SKIN CARE-CAPTURE-FACE,,,C'DIOR,CHRISTIAN DIOR,0,0,0,0,0,0,0,CAPTURE R60/80,FACE SKINCARE,SKINCARE,0,,,,,
16-120,PARFUMS CHRISTIAN DIOR,0322,0322,SKIN CARE-CAPTURE-EYES,,,C'DIOR,CHRISTIAN DIOR,0,0,0,0,0,0,0,CAPTURE R60/80,FACE SKINCARE,SKINCARE,0,,,,,
16-120,PARFUMS CHRISTIAN DIOR,0323,0323,SKIN CARE-CAPTURE-HANDS,,,C'DIOR,CHRISTIAN DIOR,0,0,0,0,0,0,0,CAPTURE R60/80,FACE SKINCARE,SKINCARE,0,,,,,
16-120,PARFUMS CHRISTIAN DIOR,0324,0324,SKIN CARE-CAPTURE-LIFT,,,C'DIOR,CHRISTIAN DIOR,0,0,0,0,0,0,0,CAPTURE R60/80,FACE SKINCARE,SKINCARE,0,,,,,
16-120,PARFUMS CHRISTIAN DIOR,0325,0325,SKIN CARE-CLAIRE DE DIOR,,,C'DIOR,CHRISTIAN DIOR,0,0,0,0,0,0,0,UV30/C. DE DIOR,FACE SKINCARE,SKINCARE,0,,,,,
16-120,PARFUMS CHRISTIAN DIOR,0326,0326,SKIN CARE - SPF 30,,,C'DIOR,CHRISTIAN DIOR,0,0,0,0,0,0,0,UV30/C. DE DIOR,FACE SKINCARE,SKINCARE,0,,,,,
16-120,PARFUMS CHRISTIAN DIOR,0327,0327,SKIN CARE PHENOMEN A,,,C'DIOR,CHRISTIAN DIOR,0,0,0,0,0,0,0,PHENOMEN A,FACE SKINCARE,SKINCARE,0,,,,,
16-120,PARFUMS CHRISTIAN DIOR,0328,0328,MODEL LIFT,,,C'DIOR,CHRISTIAN DIOR,0,0,0,0,0,0,0,MODEL LIFT,FACE SKINCARE,SKINCARE,0,,,,,
16-120,PARFUMS CHRISTIAN DIOR,0329,0329,SKIN CARE-NO AGE,,,C'DIOR,CHRISTIAN DIOR,0,0,0,0,0,0,0,SKIN CARE NO-AGE,FACE SKINCARE,SKINCARE,0,,,,,
16-120,PARFUMS CHRISTIAN DIOR,0330,0330,SKIN CARE-ICONE III,,,C'DIOR,CHRISTIAN DIOR,0,0,0,0,0,0,0,ICONE,FACE SKINCARE,SKINCARE,0,,,,,
16-120,PARFUMS CHRISTIAN DIOR,0331,0331,SKIN CARE-ICONE-ALL DRYNESS,,,C'DIOR,CHRISTIAN DIOR,0,0,0,0,0,0,0,ICONE,FACE SKINCARE,SKINCARE,0,,,,,
16-120,PARFUMS CHRISTIAN DIOR,0332,0332,SKIN CARE-ICONE-SENSITIVE,,,C'DIOR,CHRISTIAN DIOR,0,0,0,0,0,0,0,ICONE,FACE SKINCARE,SKINCARE,0,,,,,
16-120,PARFUMS CHRISTIAN DIOR,0334,0334,ETHIQUE (PROTECTIVE SKIN),,,C'DIOR,CHRISTIAN DIOR,0,0,0,0,0,0,0,ETHIQUE,FACE SKINCARE,SKINCARE,0,,,,,
16-120D,CHRISTIAN DIOR DISCONTINUED ITEMS,0334,0334,ETHIQUE (PROTECTIVE SKIN),,,C'DIOR,CHRISTIAN DIOR,0,0,0,0,0,0,0,ETHIQUE,FACE SKINCARE,SKINCARE,0,,,,,
16-120,PARFUMS CHRISTIAN DIOR,0336,0336,SKIN CARE-SVELTE,,,C'DIOR,CHRISTIAN DIOR,0,0,0,0,0,0,0,BODY LIGHT,BODY CARE,SKINCARE,0,,,,,
16-120,PARFUMS CHRISTIAN DIOR,0337,0337,EAU SVELTE,,,C'DIOR,CHRISTIAN DIOR,0,0,0,0,0,141000,141000,SVELTE,BODY CARE,SKINCARE,0,,,,,
16-120,PARFUMS CHRISTIAN DIOR,0338,0338,SKIN CARE - SPECIFIC LEGS,,,C'DIOR,CHRISTIAN DIOR,0,0,0,0,0,0,0,OTHER BODY CARE,BODY CARE,SKINCARE,0,,,,,
16-120,PARFUMS CHRISTIAN DIOR,0339,0339,MASCARA FLASH,,,C'DIOR,CHRISTIAN DIOR,0,0,0,0,0,0,0,MAKE UP-HAIR,MAKE UP,MAKEUP,0,,,,,
16-120,PARFUMS CHRISTIAN DIOR,0341,0341,EQUITE,,,C'DIOR,CHRISTIAN DIOR,0,0,0,0,0,0,0,EQUITE,FACE SKINCARE,SKINCARE,0,,,,,
16-120,PARFUMS CHRISTIAN DIOR,0342,0342,VITALMINE (SKINCARE),,,C'DIOR,CHRISTIAN DIOR,0,0,0,0,0,0,0,ECLAT/VITALMINE,FACE SKINCARE,SKINCARE,0,,,,,
16-120,PARFUMS CHRISTIAN DIOR,0345,0345,ECLAT PARFAIT,,,C'DIOR,CHRISTIAN DIOR,0,0,0,0,0,0,0,ECLAT/VITALMINE,FACE SKINCARE,SKINCARE,0,,,,,
16-120,PARFUMS CHRISTIAN DIOR,0351,0351,HYDRA STAR,,,C'DIOR,CHRISTIAN DIOR,0,0,0,0,0,0,0,HYDRA STAR,FACE SKINCARE,SKINCARE,0,,,,,
16-120,PARFUMS CHRISTIAN DIOR,0352,0352,DIOR BRONZE,,,C'DIOR,CHRISTIAN DIOR,0,0,0,0,0,146000,146000,DIOR BRONZE,SUN CARE,SKINCARE,0,,,,,
16-120,PARFUMS CHRISTIAN DIOR,0353,0353,HYDRA MOVE,,,C'DIOR,CHRISTIAN DIOR,0,0,0,0,0,0,0,HYDRA MOVE,FACE SKINCARE,SKINCARE,0,,,,,
16-120,PARFUMS CHRISTIAN DIOR,0361,0361,DIOR SNOW-WHITENING,,,C'DIOR,CHRISTIAN DIOR,0,0,0,0,0,231000,231000,DIOR-SNOW WHITENING,FACE SKINCARE,SKINCARE,0,,,,,
16-120,PARFUMS CHRISTIAN DIOR,0362,0362,BODY PRESTIGE,,,C'DIOR,CHRISTIAN DIOR,0,0,0,0,0,0,0,BODY PRESTIGE,BODY CARE,SKINCARE,0,,,,,
16-120,PARFUMS CHRISTIAN DIOR,0363,0363,MODEL BODY,,,C'DIOR,CHRISTIAN DIOR,0,0,0,0,0,0,0,MODEL BODY,BODY CARE,SKINCARE,0,,,,,
16-120,PARFUMS CHRISTIAN DIOR,0364,0364,BIKINI BODY,,,C'DIOR,CHRISTIAN DIOR,0,0,0,0,0,0,0,BIKINI/PLASTICITY,BODY CARE,SKINCARE,0,,,,,
16-120D,CHRISTIAN DIOR DISCONTINUED ITEMS,0364,0364,BIKINI BODI,,,C'DIOR,CHRISTIAN DIOR,0,0,0,0,0,0,0,BIKINI,BODY CARE,SKINCARE,0,,,,,
16-120,PARFUMS CHRISTIAN DIOR,0370,0370,DIORSKIN,,,C'DIOR,CHRISTIAN DIOR,0,0,0,0,0,0,0,PROMOTION,PROMOTION,MAKEUP,0,,,,,
16-120A,CHRISTIAN DIOR PROMOTIONAL ITEMS,0074,0074,DOLCE VITA,,,C'DIOR PROMOTIONAL,C'DIOR PROMOTIONAL,0,0,0,0,0,0,0,PROMOTION,PROMOTION,,0,,,,,
16-120A,CHRISTIAN DIOR PROMOTIONAL ITEMS,0080,0080,EAU DE DIOR,,,C'DIOR PROMOTIONAL,C'DIOR PROMOTIONAL,0,0,0,0,0,0,0,PROMOTION,PROMOTION,,0,,,,,
16-120A,CHRISTIAN DIOR PROMOTIONAL ITEMS,0100,0100,MISS DIOR,,,C'DIOR PROMOTIONAL,C'DIOR PROMOTIONAL,0,0,0,0,0,0,0,PROMOTION,PROMOTION,,0,,,,,
16-120A,CHRISTIAN DIOR PROMOTIONAL ITEMS,0101,0101,DIORISSIMO,,,C'DIOR PROMOTIONAL,C'DIOR PROMOTIONAL,0,0,0,0,0,0,0,PROMOTION,PROMOTION,,0,,,,,
16-120A,CHRISTIAN DIOR PROMOTIONAL ITEMS,0102,0102,DIORELLA,,,C'DIOR PROMOTIONAL,C'DIOR PROMOTIONAL,0,0,0,0,0,0,0,PROMOTION,PROMOTION,,0,,,,,
16-120A,CHRISTIAN DIOR PROMOTIONAL ITEMS,0104,0104,POISON,,,C'DIOR PROMOTIONAL,C'DIOR PROMOTIONAL,0,0,0,0,0,0,0,PROMOTION,PROMOTION,,0,,,,,
16-120A,CHRISTIAN DIOR PROMOTIONAL ITEMS,0105,0105,DUNE,,,C'DIOR PROMOTIONAL,C'DIOR PROMOTIONAL,0,0,0,0,0,0,0,PROMOTION,PROMOTION,,0,,,,,
16-120A,CHRISTIAN DIOR PROMOTIONAL ITEMS,0106,0106,TENDRE POISON,,,C'DIOR PROMOTIONAL,C'DIOR PROMOTIONAL,0,0,0,0,0,0,0,PROMOTION,PROMOTION,,0,,,,,
16-120A,CHRISTIAN DIOR PROMOTIONAL ITEMS,0107,0107,DOLCE VITA,,,C'DIOR PROMOTIONAL,C'DIOR PROMOTIONAL,0,0,0,0,0,0,0,PROMOTION,PROMOTION,,0,,,,,
16-120A,CHRISTIAN DIOR PROMOTIONAL ITEMS,0108,0108,DUNE - MENS,,,C'DIOR PROMOTIONAL,C'DIOR PROMOTIONAL,0,0,0,0,0,0,0,PROMOTION,PROMOTION,,0,,,,,
16-120A,CHRISTIAN DIOR PROMOTIONAL ITEMS,0109,0109,HYPNOTIC POISON,,,C'DIOR PROMOTIONAL,C'DIOR PROMOTIONAL,0,0,0,0,0,0,0,PROMOTION,PROMOTION,,0,,,,,
16-120A,CHRISTIAN DIOR PROMOTIONAL ITEMS,0110,0110,J'ADORE,,,C'DIOR PROMOTIONAL,C'DIOR PROMOTIONAL,0,0,0,0,0,0,0,PROMOTION,PROMOTION,,0,,,,,
16-120A,CHRISTIAN DIOR PROMOTIONAL ITEMS,0150,0150,EAU SAUVAGE,,,C'DIOR PROMOTIONAL,C'DIOR PROMOTIONAL,0,0,0,0,0,0,0,PROMOTION,PROMOTION,,0,,,,,
16-120A,CHRISTIAN DIOR PROMOTIONAL ITEMS,0152,0152,JULES,,,C'DIOR PROMOTIONAL,C'DIOR PROMOTIONAL,0,0,0,0,0,0,0,PROMOTION,PROMOTION,,0,,,,,
16-120A,CHRISTIAN DIOR PROMOTIONAL ITEMS,0153,0153,FAHRENHEIT,,,C'DIOR PROMOTIONAL,C'DIOR PROMOTIONAL,0,0,0,0,0,0,0,PROMOTION,PROMOTION,,0,,,,,
16-120A,CHRISTIAN DIOR PROMOTIONAL ITEMS,0156,0156,EAU DE DOLCE VITA,,,C'DIOR PROMOTIONAL,C'DIOR PROMOTIONAL,0,0,0,0,0,0,0,PROMOTION,PROMOTION,,0,,,,,
16-120A,CHRISTIAN DIOR PROMOTIONAL ITEMS,0200,0200,MAKE UP-EYES,,,C'DIOR PROMOTIONAL,C'DIOR PROMOTIONAL,0,0,0,0,0,0,0,PROMOTION,PROMOTION,,0,,,,,
16-120A,CHRISTIAN DIOR PROMOTIONAL ITEMS,0211,0211,MAKE UP-FACE,,,C'DIOR PROMOTIONAL,C'DIOR PROMOTIONAL,0,0,0,0,0,0,0,PROMOTION,PROMOTION,,0,,,,,
16-120A,CHRISTIAN DIOR PROMOTIONAL ITEMS,0212,0212,PROMOTION ITEM,,,C'DIOR PROMOTIONAL,C'DIOR PROMOTIONAL,0,0,0,0,0,0,0,PROMOTION,PROMOTION,,0,,,,,
16-120A,CHRISTIAN DIOR PROMOTIONAL ITEMS,0221,0221,MAKE UP-LIPS (LIPSTICK),,,C'DIOR PROMOTIONAL,C'DIOR PROMOTIONAL,0,0,0,0,0,0,0,PROMOTION,PROMOTION,,0,,,,,
16-120A,CHRISTIAN DIOR PROMOTIONAL ITEMS,0231,0231,MAKE UP-NAILS,,,C'DIOR PROMOTIONAL,C'DIOR PROMOTIONAL,0,0,0,0,0,0,0,PROMOTION,PROMOTION,,0,,,,,
16-120A,CHRISTIAN DIOR PROMOTIONAL ITEMS,0300,0300,SKIN CARE-H.D.-DRY/SENSITIVE,,,C'DIOR PROMOTIONAL,C'DIOR PROMOTIONAL,0,0,0,0,0,0,0,PROMOTION,PROMOTION,,0,,,,,
16-120A,CHRISTIAN DIOR PROMOTIONAL ITEMS,0302,0302,SKIN CARE-H.D.-OILY,,,C'DIOR PROMOTIONAL,C'DIOR PROMOTIONAL,0,0,0,0,0,0,0,PROMOTION,PROMOTION,,0,,,,,
16-120A,CHRISTIAN DIOR PROMOTIONAL ITEMS,0304,0304,SKIN CARE MODEL LIFT,,,C'DIOR PROMOTIONAL,C'DIOR PROMOTIONAL,0,0,0,0,0,0,0,PROMOTION,PROMOTION,,0,,,,,
16-120A,CHRISTIAN DIOR PROMOTIONAL ITEMS,0311,0311,SKIN CARE-RESULTANTE,,,C'DIOR PROMOTIONAL,C'DIOR PROMOTIONAL,0,0,0,0,0,0,0,PROMOTION,PROMOTION,,0,,,,,
16-120A,CHRISTIAN DIOR PROMOTIONAL ITEMS,0321,0321,SKIN CARE-CAPTURE-FACE,,,C'DIOR PROMOTIONAL,C'DIOR PROMOTIONAL,0,0,0,0,0,0,0,PROMOTION,PROMOTION,,0,,,,,
16-120A,CHRISTIAN DIOR PROMOTIONAL ITEMS,0322,0322,SKIN CARE-CAPTURE-EYES,,,C'DIOR PROMOTIONAL,C'DIOR PROMOTIONAL,0,0,0,0,0,0,0,PROMOTION,PROMOTION,,0,,,,,
16-120A,CHRISTIAN DIOR PROMOTIONAL ITEMS,0333,0333,SKIN CARE GENERAL,,,C'DIOR PROMOTIONAL,C'DIOR PROMOTIONAL,0,0,0,0,0,0,0,PROMOTION,PROMOTION,,0,,,,,
16-120A,CHRISTIAN DIOR PROMOTIONAL ITEMS,0336,0336,SKIN CARE-SVELTE,,,C'DIOR PROMOTIONAL,C'DIOR PROMOTIONAL,0,0,0,0,0,0,0,PROMOTION,PROMOTION,,0,,,,,
16-120A,CHRISTIAN DIOR PROMOTIONAL ITEMS,0337,0337,SKIN CARE-NO AGE,,,C'DIOR DISCONTINUED,C'DIOR DISCOUNTINUED,0,0,0,0,0,0,0,PROMOTION,PROMOTION,,0,,,,,
16-120A,CHRISTIAN DIOR PROMOTIONAL ITEMS,0339,0339,DIOR BRONZE,,,C'DIOR PROMOTIONAL,C'DIOR PROMOTIONAL,0,0,0,0,0,0,0,PROMOTION,PROMOTION,,0,,,,,
16-120A,CHRISTIAN DIOR PROMOTIONAL ITEMS,0341,0341,EQUITE,,,C'DIOR PROMOTIONAL,C'DIOR PROMOTIONAL,0,0,0,0,0,0,0,PROMOTION,PROMOTION,,0,,,,,
16-120A,CHRISTIAN DIOR PROMOTIONAL ITEMS,0351,0351,HYDRA STAR,,,C'DIOR PROMOTIONAL,C'DIOR PROMOTIONAL,0,0,0,0,0,0,0,PROMOTION,PROMOTION,,0,,,,,
16-120A,CHRISTIAN DIOR PROMOTIONAL ITEMS,0360,0360,HYDRA MOVE,,,C'DIOR PROMOTIONAL,C'DIOR PROMOTIONAL,0,0,0,0,0,0,0,PROMOTION,PROMOTION,,0,,,,,
16-120A,CHRISTIAN DIOR PROMOTIONAL ITEMS,0400,0400,ETHIQUE,,,C'DIOR PROMOTIONAL,C'DIOR PROMOTIONAL,0,0,0,0,0,0,0,PROMOTION,PROMOTION,,0,,,,,
16-120A,CHRISTIAN DIOR PROMOTIONAL ITEMS,0402,0402,GENERAL,,,C'DIOR PROMOTIONAL,C'DIOR PROMOTIONAL,0,0,0,0,0,0,0,PROMOTION,PROMOTION,,0,,,,,
16-120A,CHRISTIAN DIOR PROMOTIONAL ITEMS,0403,0403,MAKEUP-,,,C'DIOR PROMOTIONAL,C'DIOR PROMOTIONAL,0,0,0,0,0,0,0,PROMOTION,PROMOTION,,0,,,,,
16-120D,CHRISTIAN DIOR DISCONTINUED ITEMS,0100,0100,MISS DIOR,,,C'DIOR DISCONTINUED,C'DIOR DISCOUNTINUED,0,0,0,0,0,0,0,MISS DIOR/DIORELLA,WOMEN FRAGRANCES,WOMEN,0,,,,,
16-120D,CHRISTIAN DIOR DISCONTINUED ITEMS,0101,0101,DIORISSIMO,,,C'DIOR DISCONTINUED,C'DIOR DISCOUNTINUED,0,0,0,0,0,0,0,DIORISSIMO,WOMEN FRAGRANCES,WOMEN,0,,,,,
16-120D,CHRISTIAN DIOR DISCONTINUED ITEMS,0102,0102,DIORELLA,,,C'DIOR DISCONTINUED,C'DIOR DISCOUNTINUED,0,0,0,0,0,0,0,MISS DIOR/DIORELLA,WOMEN FRAGRANCES,WOMEN,0,,,,,
16-120D,CHRISTIAN DIOR DISCONTINUED ITEMS,0103,0103,DIORESSENCE,,,C'DIOR DISCONTINUED,C'DIOR DISCOUNTINUED,0,0,0,0,0,0,0,MISS DIOR/DIORELLA,WOMEN FRAGRANCES,WOMEN,0,,,,,
16-120D,CHRISTIAN DIOR DISCONTINUED ITEMS,0104,0104,POISON,,,C'DIOR DISCONTINUED,C'DIOR DISCOUNTINUED,0,0,0,0,0,0,0,POISON,WOMEN FRAGRANCES,WOMEN,0,,,,,
16-120D,CHRISTIAN DIOR DISCONTINUED ITEMS,0105,0105,DUNE,,,C'DIOR DISCONTINUED,C'DIOR DISCOUNTINUED,0,0,0,0,0,0,0,DUNE,WOMEN FRAGRANCES,WOMEN,0,,,,,
16-120D,CHRISTIAN DIOR DISCONTINUED ITEMS,0106,0106,TENDRE POISON,,,C'DIOR DISCONTINUED,C'DIOR DISCOUNTINUED,0,0,0,0,0,0,0,TENDRE POISON,WOMEN FRAGRANCES,WOMEN,0,,,,,
16-120D,CHRISTIAN DIOR DISCONTINUED ITEMS,0107,0107,DOLCE VITA,,,C'DIOR DISCONTINUED,C'DIOR DISCOUNTINUED,0,0,0,0,0,0,0,DOLCE VITA,WOMEN FRAGRANCES,WOMEN,0,,,,,
16-120D,CHRISTIAN DIOR DISCONTINUED ITEMS,0108,0108,DUNE - MENS,,,C'DIOR DISCONTINUED,C'DIOR DISCOUNTINUED,0,0,0,0,0,0,0,DUNE - MENS,MEN FRAGRANCES,MEN,0,,,,,
16-120D,CHRISTIAN DIOR DISCONTINUED ITEMS,0109,0109,HYPNOTIC POISON,,,C'DIOR DISCONTINUED,C'DIOR DISCOUNTINUED,0,0,0,0,0,0,0,HYPNOTIC POISON,WOMEN FRAGRANCES,WOMEN,0,,,,,
16-120D,CHRISTIAN DIOR DISCONTINUED ITEMS,0110,0110,JADORE,,,C'DIOR DISCONTINUED,C'DIOR DISCOUNTINUED,0,0,0,0,0,0,0,J'ADORE,WOMEN FRAGRANCES,WOMEN,0,,,,,
16-120D,CHRISTIAN DIOR DISCONTINUED ITEMS,0111,0111,REMEMBER ME,,,C'DIOR DISCONTINUED,C'DIOR DISCOUNTINUED,0,0,0,0,0,0,0,REMEMBER ME,WOMEN FRAGRANCES,WOMEN,0,,,,,
16-120D,CHRISTIAN DIOR DISCONTINUED ITEMS,0150,0150,EAU SAUVAGE,,,C'DIOR DISCONTINUED,C'DIOR DISCOUNTINUED,0,0,0,0,0,0,0,EAU S/E.S.EXTREME/JULES,MEN FRAGRANCES,MEN,0,,,,,
16-120D,CHRISTIAN DIOR DISCONTINUED ITEMS,0151,0151,EAU SAUVAGE EXTREME,,,C'DIOR DISCONTINUED,C'DIOR DISCOUNTINUED,0,0,0,0,0,0,0,EAU S/E.S.EXTREME/JULES,MEN FRAGRANCES,MEN,0,,,,,
16-120D,CHRISTIAN DIOR DISCONTINUED ITEMS,0152,0152,JULES,,,C'DIOR DISCONTINUED,C'DIOR DISCOUNTINUED,0,0,0,0,0,0,0,EAU S/E.S.EXTREME/JULES,MEN FRAGRANCES,MEN,0,,,,,
16-120D,CHRISTIAN DIOR DISCONTINUED ITEMS,0153,0153,FAHRENHEIT,,,C'DIOR DISCONTINUED,C'DIOR DISCOUNTINUED,0,0,0,0,0,0,0,FAHRENHEIT,MEN FRAGRANCES,MEN,0,,,,,
16-120D,CHRISTIAN DIOR DISCONTINUED ITEMS,0160,0160,HIGHER DIOR POUR HOMME,,,C'DIOR DISCONTINUED,C'DIOR DISCOUNTINUED,0,0,0,0,0,0,0,HIGHER DIOR POUR HOMME,MEN FRAGRANCES,MEN,0,,,,,
16-120D,CHRISTIAN DIOR DISCONTINUED ITEMS,0161,0161,FOREVER AND EVER,,,C'DIOR DISCONTINUED,C'DIOR DISCOUNTINUED,0,0,0,0,0,0,0,FOREVER & EVER,WOMEN FRAGRANCES,WOMEN,0,,,,,
16-120D,CHRISTIAN DIOR DISCONTINUED ITEMS,0200,0200,MAKE UP-EYES,,,C'DIOR DISCONTINUED,C'DIOR DISCOUNTINUED,0,0,0,0,0,0,0,MAKE UP-EYES,MAKE UP,MAKEUP,0,,,,,
16-120D,CHRISTIAN DIOR DISCONTINUED ITEMS,0211,0211,MAKE UP-FACE,,,C'DIOR DISCONTINUED,C'DIOR DISCOUNTINUED,0,0,0,0,0,0,0,MAKE UP-FACE,MAKE UP,MAKEUP,0,,,,,
16-120D,CHRISTIAN DIOR DISCONTINUED ITEMS,0221,0221,MAKE UP-LIPS (LIPSTICK),,,C'DIOR DISCONTINUED,C'DIOR DISCOUNTINUED,0,0,0,0,0,0,0,MAKE UP-LIPS,MAKE UP,MAKEUP,0,,,,,
16-120D,CHRISTIAN DIOR DISCONTINUED ITEMS,0222,0222,MAKE UP-LIPS (ROUGE ACCENT),,,C'DIOR DISCONTINUED,C'DIOR DISCOUNTINUED,0,0,0,0,0,0,0,MAKE UP-LIPS,MAKE UP,MAKEUP,0,,,,,
16-120D,CHRISTIAN DIOR DISCONTINUED ITEMS,0223,0223,MAKE UP-LIPS (LINER+GLOSS),,,C'DIOR DISCONTINUED,C'DIOR DISCOUNTINUED,0,0,0,0,0,0,0,MAKE UP-LIPS,MAKE UP,MAKEUP,0,,,,,
16-120D,CHRISTIAN DIOR DISCONTINUED ITEMS,0224,0224,MAKE UP-LIPS (GLOSSY LIPSTICK),,,C'DIOR DISCONTINUED,C'DIOR DISCOUNTINUED,0,0,0,0,0,0,0,MAKE UP-LIPS,MAKE UP,MAKEUP,0,,,,,
16-120D,CHRISTIAN DIOR DISCONTINUED ITEMS,0225,0225,MAKE UP-LIPS (DIORIFIC/INCOR),,,C'DIOR DISCONTINUED,C'DIOR DISCOUNTINUED,0,0,0,0,0,0,0,MAKE UP-LIPS,MAKE UP,MAKEUP,0,,,,,
16-120D,CHRISTIAN DIOR DISCONTINUED ITEMS,0226,0226,MAKE UP-LIPS DIOREVER LIPSTICK,,,C'DIOR DISCONTINUED,C'DIOR DISCOUNTINUED,0,0,0,0,0,0,0,MAKE UP-LIPS,MAKE UP,MAKEUP,0,,,,,
16-120D,CHRISTIAN DIOR DISCONTINUED ITEMS,0227,0227,MAKE UP LIPS( ROUGE TRANSPARE),,,C'DIOR DISCONTINUED,C'DIOR DISCOUNTINUED,0,0,0,0,0,0,0,MAKE UP-LIPS,MAKE UP,MAKEUP,0,,,,,
16-120D,CHRISTIAN DIOR DISCONTINUED ITEMS,0231,0231,MAKE UP-NAILS,,,C'DIOR DISCONTINUED,C'DIOR DISCOUNTINUED,0,0,0,0,0,0,0,MAKE UP-NAILS,MAKE UP,MAKEUP,0,,,,,
16-120D,CHRISTIAN DIOR DISCONTINUED ITEMS,0241,0241,TENDRE POISON BATH LINE,,,C'DIOR DISCONTINUED,C'DIOR DISCOUNTINUED,0,0,0,0,0,0,0,TENDRE POISON,WOMEN FRAGRANCES,WOMEN,0,,,,,
16-120D,CHRISTIAN DIOR DISCONTINUED ITEMS,0311,0311,SKIN CARE-RESULTANTE,,,C'DIOR DISCONTINUED,C'DIOR DISCOUNTINUED,0,0,0,0,0,0,0,CAPTURE R60/80,FACE SKINCARE,SKINCARE,0,,,,,
16-120D,CHRISTIAN DIOR DISCONTINUED ITEMS,0320,0320,SKIN CARE-CAPTURE RIDES,,,C'DIOR DISCONTINUED,C'DIOR DISCOUNTINUED,0,0,0,0,0,0,0,CAPTURE R60/80,FACE SKINCARE,SKINCARE,0,,,,,
16-120D,CHRISTIAN DIOR DISCONTINUED ITEMS,0321,0321,SKIN CARE-CAPTURE-FACE,,,C'DIOR DISCONTINUED,C'DIOR DISCOUNTINUED,0,0,0,0,0,0,0,CAPTURE R60/80,FACE SKINCARE,SKINCARE,0,,,,,
16-120D,CHRISTIAN DIOR DISCONTINUED ITEMS,0322,0322,SKIN CARE-CAPTURE-EYES,,,C'DIOR DISCONTINUED,C'DIOR DISCOUNTINUED,0,0,0,0,0,0,0,CAPTURE R60/80,FACE SKINCARE,SKINCARE,0,,,,,
16-120D,CHRISTIAN DIOR DISCONTINUED ITEMS,0325,0325,SKIN CARE-CLAIRE DE DIOR,,,C'DIOR DISCONTINUED,C'DIOR DISCOUNTINUED,0,0,0,0,0,0,0,UV30/C. DE DIOR,FACE SKINCARE,SKINCARE,0,,,,,
16-120D,CHRISTIAN DIOR DISCONTINUED ITEMS,0336,0336,SKIN CARE-SVELTE,,,C'DIOR DISCONTINUED,C'DIOR DISCOUNTINUED,0,0,0,0,0,0,0,BODY LIGHT,BODY CARE,SKINCARE,0,,,,,
16-120D,CHRISTIAN DIOR DISCONTINUED ITEMS,0337,0337,EAU SVELTE,,,C'DIOR DISCONTINUED,C'DIOR DISCOUNTINUED,0,0,0,0,0,0,0,SVELTE,BODY CARE,SKINCARE,0,,,,,
16-120D,CHRISTIAN DIOR DISCONTINUED ITEMS,0339,0339,MASCARA FLASH,,,C'DIOR DISCONTINUED,C'DIOR DISCOUNTINUED,0,0,0,0,0,0,0,MAKE UP-HAIR,MAKE UP,MAKEUP,0,,,,,
16-120D,CHRISTIAN DIOR DISCONTINUED ITEMS,0341,0341,EQUITE,,,C'DIOR DISCONTINUED,C'DIOR DISCOUNTINUED,0,0,0,0,0,0,0,EQUITE,FACE SKINCARE,SKINCARE,0,,,,,
16-120D,CHRISTIAN DIOR DISCONTINUED ITEMS,0351,0351,HYDRA STAR,,,C'DIOR DISCONTINUED,C'DIOR DISCOUNTINUED,0,0,0,0,0,0,0,HYDRA STAR,FACE SKINCARE,SKINCARE,0,,,,,
16-120D,CHRISTIAN DIOR DISCONTINUED ITEMS,0352,0352,DIOR BRONZE,,,C'DIOR DISCONTINUED,C'DIOR DISCOUNTINUED,0,0,0,0,0,0,0,DIOR BRONZE,SUN CARE,SKINCARE,0,,,,,
16-120D,CHRISTIAN DIOR DISCONTINUED ITEMS,0363,0363,MODEL BODY,,,C'DIOR DISCONTINUED,C'DIOR DISCOUNTINUED,0,0,0,0,0,0,0,MODEL BODY,BODY CARE,SKINCARE,0,,,,,
16-120D,CHRISTIAN DIOR DISCONTINUED ITEMS,0370,0370,DIORSKIN,,,C'DIOR DISCONTINUED,C'DIOR DISCOUNTINUED,0,0,0,0,0,0,0,PROMOTION,PROMOTION,SKINCARE,0,,,,,
16-120P,"C.D.SAMPLES,TESTERS & ADVT MATERIAL",0011,0011,MISS DIOR-SAMPLE,,,PROMOTIONAL MATERIAL (FOC,PROMOTIONAL ITEMS,0,0,0,0,0,0,0,,,,0,,,,,
16-120P,"C.D.SAMPLES,TESTERS & ADVT MATERIAL",0012,0012,MISS DIOR-TESTER,,,PROMOTIONAL MATERIAL (FOC,PROMOTIONAL ITEMS,0,0,0,0,0,0,0,,,,0,,,,,
16-120P,"C.D.SAMPLES,TESTERS & ADVT MATERIAL",0021,0021,DIORISSIMO-SAMPLE,,,PROMOTIONAL MATERIAL (FOC,PROMOTIONAL ITEMS,0,0,0,0,0,0,0,,,,0,,,,,
16-120P,"C.D.SAMPLES,TESTERS & ADVT MATERIAL",0022,0022,DIORISSIMO-TESTER,,,PROMOTIONAL MATERIAL (FOC,PROMOTIONAL ITEMS,0,0,0,0,0,0,0,,,,0,,,,,
16-120P,"C.D.SAMPLES,TESTERS & ADVT MATERIAL",0032,0032,DIORESSENCE-TESTER,,,PROMOTIONAL MATERIAL (FOC,PROMOTIONAL ITEMS,0,0,0,0,0,0,0,,,,0,,,,,
16-120P,"C.D.SAMPLES,TESTERS & ADVT MATERIAL",0041,0041,DIORELLA-SAMPLE,,,PROMOTIONAL MATERIAL (FOC,PROMOTIONAL ITEMS,0,0,0,0,0,0,0,,,,0,,,,,
16-120P,"C.D.SAMPLES,TESTERS & ADVT MATERIAL",0042,0042,DIORELLA-TESTER,,,PROMOTIONAL MATERIAL (FOC,PROMOTIONAL ITEMS,0,0,0,0,0,0,0,,,,0,,,,,
16-120P,"C.D.SAMPLES,TESTERS & ADVT MATERIAL",0051,0051,POISON-SAMPLE,,,PROMOTIONAL MATERIAL (FOC,PROMOTIONAL ITEMS,0,0,0,0,0,0,0,,,,0,,,,,
16-120P,"C.D.SAMPLES,TESTERS & ADVT MATERIAL",0052,0052,POISON-TESTER,,,PROMOTIONAL MATERIAL (FOC,PROMOTIONAL ITEMS,0,0,0,0,0,0,0,,,,0,,,,,
16-120P,"C.D.SAMPLES,TESTERS & ADVT MATERIAL",0061,0061,TENDRE POISON-SAMPLES,,,PROMOTIONAL MATERIAL (FOC,PROMOTIONAL ITEMS,0,0,0,0,0,0,0,,,,0,,,,,
16-120P,"C.D.SAMPLES,TESTERS & ADVT MATERIAL",0062,0062,TENDRE POISON-TESTER,,,PROMOTIONAL MATERIAL (FOC,PROMOTIONAL ITEMS,0,0,0,0,0,0,0,,,,0,,,,,
16-120P,"C.D.SAMPLES,TESTERS & ADVT MATERIAL",0063,0063,TENDER POISON ADVT MATERIALS,,,PROMOTIONAL MATERIAL (FOC,PROMOTIONAL ITEMS,0,0,0,0,0,0,0,,,,0,,,,,
16-120P,"C.D.SAMPLES,TESTERS & ADVT MATERIAL",0071,0071,DOLCE VITA-SAMPLES,,,PROMOTIONAL MATERIAL (FOC,PROMOTIONAL ITEMS,0,0,0,0,0,0,0,,,,0,,,,,
16-120P,"C.D.SAMPLES,TESTERS & ADVT MATERIAL",0072,0072,DOLCE VITA-TESTERS,,,PROMOTIONAL MATERIAL (FOC,PROMOTIONAL ITEMS,0,0,0,0,0,0,0,,,,0,,,,,
16-120P,"C.D.SAMPLES,TESTERS & ADVT MATERIAL",0073,0073,DOLCE VITA-DUMMY,,,PROMOTIONAL MATERIAL (FOC,PROMOTIONAL ITEMS,0,0,0,0,0,0,0,,,,0,,,,,
16-120P,"C.D.SAMPLES,TESTERS & ADVT MATERIAL",0074,0074,DOLCE VITA-ADVT. MATERIAL,,,PROMOTIONAL MATERIAL (FOC,PROMOTIONAL ITEMS,0,0,0,0,0,0,0,,,,0,,,,,
16-120P,"C.D.SAMPLES,TESTERS & ADVT MATERIAL",0075,0075,EAU DE DIOR-SAMPLES,,,PROMOTIONAL MATERIAL (FOC,PROMOTIONAL ITEMS,0,0,0,0,0,0,0,,,,0,,,,,
16-120P,"C.D.SAMPLES,TESTERS & ADVT MATERIAL",0076,0076,EAU DE DIOR-TESTERS,,,PROMOTIONAL MATERIAL (FOC,PROMOTIONAL ITEMS,0,0,0,0,0,0,0,,,,0,,,,,
16-120P,"C.D.SAMPLES,TESTERS & ADVT MATERIAL",0077,0077,EAU DE DIOR-DUMMY,,,PROMOTIONAL MATERIAL (FOC,PROMOTIONAL ITEMS,0,0,0,0,0,0,0,,,,0,,,,,
16-120P,"C.D.SAMPLES,TESTERS & ADVT MATERIAL",0078,0078,EAU DE DIOR-ADV.MATERIALS,,,PROMOTIONAL MATERIAL (FOC,PROMOTIONAL ITEMS,0,0,0,0,0,0,0,,,,0,,,,,
16-120P,"C.D.SAMPLES,TESTERS & ADVT MATERIAL",0082,0082,HYPNOTIC POISON SAMPLES,,,PROMOTIONAL MATERIAL (FOC,PROMOTIONAL ITEMS,0,0,0,0,0,0,0,,,,0,,,,,
16-120P,"C.D.SAMPLES,TESTERS & ADVT MATERIAL",0083,0083,HYPNOTIC POISON ADV.METARIALS,,,PROMOTIONAL MATERIAL (FOC,PROMOTIONAL ITEMS,0,0,0,0,0,0,0,,,,0,,,,,
16-120P,"C.D.SAMPLES,TESTERS & ADVT MATERIAL",0084,0084,PHENOMEN TESTER,,,PROMOTIONAL MATERIAL (FOC,PROMOTIONAL ITEMS,0,0,0,0,0,0,0,,,,0,,,,,
16-120P,"C.D.SAMPLES,TESTERS & ADVT MATERIAL",0085,0085,PHENOMEN SAMPLE,,,PROMOTIONAL MATERIAL (FOC,PROMOTIONAL ITEMS,0,0,0,0,0,0,0,,,,0,,,,,
16-120P,"C.D.SAMPLES,TESTERS & ADVT MATERIAL",0086,0086,PHENOMEN DUMMIES,,,PROMOTIONAL MATERIAL (FOC,PROMOTIONAL ITEMS,0,0,0,0,0,0,0,,,,0,,,,,
16-120P,"C.D.SAMPLES,TESTERS & ADVT MATERIAL",0087,0087,PHENOMEN ADV.MATERIALS,,,PROMOTIONAL MATERIAL (FOC,PROMOTIONAL ITEMS,0,0,0,0,0,0,0,,,,0,,,,,
16-120P,"C.D.SAMPLES,TESTERS & ADVT MATERIAL",0088,0088,FOREVER AND EVER ADVT MAT,,,PROMOTIONAL MATERIAL (FOC,PROMOTIONAL ITEMS,0,0,0,0,0,0,0,,,,0,,,,,
16-120P,"C.D.SAMPLES,TESTERS & ADVT MATERIAL",0089,0089,FOREVER & EVER - TESTERS,,,PROMOTIONAL MATERIAL (FOC,PROMOTIONAL ITEMS,0,0,0,0,0,0,0,,,,0,,,,,
16-120P,"C.D.SAMPLES,TESTERS & ADVT MATERIAL",0091,0091,SKIN CARE MODEL LIFT SAMPLES,,,PROMOTIONAL MATERIAL (FOC,PROMOTIONAL ITEMS,0,0,0,0,0,0,0,,,,0,,,,,
16-120P,"C.D.SAMPLES,TESTERS & ADVT MATERIAL",0092,0092,SKIN CARE MODEL LIFT TESTERS,,,PROMOTIONAL MATERIAL (FOC,PROMOTIONAL ITEMS,0,0,0,0,0,0,0,,,,0,,,,,
16-120P,"C.D.SAMPLES,TESTERS & ADVT MATERIAL",0093,0093,SKIN CARE MODEL LIFT DUMMY,,,PROMOTIONAL MATERIAL (FOC,PROMOTIONAL ITEMS,0,0,0,0,0,0,0,,,,0,,,,,
16-120P,"C.D.SAMPLES,TESTERS & ADVT MATERIAL",0094,0094,SKIN CARE MODEL LIFT ADVT.MAT.,,,PROMOTIONAL MATERIAL (FOC,PROMOTIONAL ITEMS,0,0,0,0,0,0,0,,,,0,,,,,
16-120P,"C.D.SAMPLES,TESTERS & ADVT MATERIAL",0101,0101,EAU SAUVAGE-SAMPLE,,,PROMOTIONAL MATERIAL (FOC,PROMOTIONAL ITEMS,0,0,0,0,0,0,0,,,,0,,,,,
16-120P,"C.D.SAMPLES,TESTERS & ADVT MATERIAL",0102,0102,EAU SAUVAGE-TESTER,,,PROMOTIONAL MATERIAL (FOC,PROMOTIONAL ITEMS,0,0,0,0,0,0,0,,,,0,,,,,
16-120P,"C.D.SAMPLES,TESTERS & ADVT MATERIAL",0103,0103,EAU SAUVAGE-DUMMY,,,PROMOTIONAL MATERIAL (FOC,PROMOTIONAL ITEMS,0,0,0,0,0,0,0,,,,0,,,,,
16-120P,"C.D.SAMPLES,TESTERS & ADVT MATERIAL",0104,0104,EAU SAUVAGE-ADVT MATERIAL,,,PROMOTIONAL MATERIAL (FOC,PROMOTIONAL ITEMS,0,0,0,0,0,0,0,,,,0,,,,,
16-120P,"C.D.SAMPLES,TESTERS & ADVT MATERIAL",0111,0111,EAU SAUVAGE EXT-SAMPLE,,,PROMOTIONAL MATERIAL (FOC,PROMOTIONAL ITEMS,0,0,0,0,0,0,0,,,,0,,,,,
16-120P,"C.D.SAMPLES,TESTERS & ADVT MATERIAL",0112,0112,EAU SAUVAGE EXT-TESTER,,,PROMOTIONAL MATERIAL (FOC,PROMOTIONAL ITEMS,0,0,0,0,0,0,0,,,,0,,,,,
16-120P,"C.D.SAMPLES,TESTERS & ADVT MATERIAL",0114,0114,EAU SAUVAGE EXT-ADVT MATERIAL,,,PROMOTIONAL MATERIAL (FOC,PROMOTIONAL ITEMS,0,0,0,0,0,0,0,,,,0,,,,,
16-120P,"C.D.SAMPLES,TESTERS & ADVT MATERIAL",0121,0121,JULES-SAMPLE,,,PROMOTIONAL MATERIAL (FOC,PROMOTIONAL ITEMS,0,0,0,0,0,0,0,,,,0,,,,,
16-120P,"C.D.SAMPLES,TESTERS & ADVT MATERIAL",0122,0122,JULES-TESTER,,,PROMOTIONAL MATERIAL (FOC,PROMOTIONAL ITEMS,0,0,0,0,0,0,0,,,,0,,,,,
16-120P,"C.D.SAMPLES,TESTERS & ADVT MATERIAL",0131,0131,FAHRENHEIT-SAMPLE,,,PROMOTIONAL MATERIAL (FOC,PROMOTIONAL ITEMS,0,0,0,0,0,0,0,,,,0,,,,,
16-120P,"C.D.SAMPLES,TESTERS & ADVT MATERIAL",0132,0132,FAHRENHEIT-TESTER,,,PROMOTIONAL MATERIAL (FOC,PROMOTIONAL ITEMS,0,0,0,0,0,0,0,,,,0,,,,,
16-120P,"C.D.SAMPLES,TESTERS & ADVT MATERIAL",0133,0133,FAHRENHEIT-DUMMY,,,PROMOTIONAL MATERIAL (FOC,PROMOTIONAL ITEMS,0,0,0,0,0,0,0,,,,0,,,,,
16-120P,"C.D.SAMPLES,TESTERS & ADVT MATERIAL",0134,0134,FAHRENHEIT-ADVT MATERIAL,,,PROMOTIONAL MATERIAL (FOC,PROMOTIONAL ITEMS,0,0,0,0,0,0,0,,,,0,,,,,
16-120P,"C.D.SAMPLES,TESTERS & ADVT MATERIAL",0135,0135,CLAIR DE DIOR-SAMPLES,,,PROMOTIONAL MATERIAL (FOC,PROMOTIONAL ITEMS,0,0,0,0,0,0,0,,,,0,,,,,
16-120P,"C.D.SAMPLES,TESTERS & ADVT MATERIAL",0136,0136,CLAIR DE DIOR-TESTERS,,,PROMOTIONAL MATERIAL (FOC,PROMOTIONAL ITEMS,0,0,0,0,0,0,0,,,,0,,,,,
16-120P,"C.D.SAMPLES,TESTERS & ADVT MATERIAL",0151,0151,MAKEUP (EYES)-SAMPLE,,,PROMOTIONAL MATERIAL (FOC,PROMOTIONAL ITEMS,0,0,0,0,0,0,0,,,,0,,,,,
16-120P,"C.D.SAMPLES,TESTERS & ADVT MATERIAL",0152,0152,MAKEUP (EYES)-TESTER,,,PROMOTIONAL MATERIAL (FOC,PROMOTIONAL ITEMS,0,0,0,0,0,0,0,,,,0,,,,,
16-120P,"C.D.SAMPLES,TESTERS & ADVT MATERIAL",0153,0153,MAKEUP (EYES)-DUMMY,,,PROMOTIONAL MATERIAL (FOC,PROMOTIONAL ITEMS,0,0,0,0,0,0,0,,,,0,,,,,
16-120P,"C.D.SAMPLES,TESTERS & ADVT MATERIAL",0154,0154,MAKEUP (EYES)-ADVT MATERIAL,,,PROMOTIONAL MATERIAL (FOC,PROMOTIONAL ITEMS,0,0,0,0,0,0,0,,,,0,,,,,
16-120P,"C.D.SAMPLES,TESTERS & ADVT MATERIAL",0161,0161,MAKEUP (FACE)-SAMPLE,,,PROMOTIONAL MATERIAL (FOC,PROMOTIONAL ITEMS,0,0,0,0,0,0,0,,,,0,,,,,
16-120P,"C.D.SAMPLES,TESTERS & ADVT MATERIAL",0162,0162,MAKEUP (FACE)-TESTER,,,PROMOTIONAL MATERIAL (FOC,PROMOTIONAL ITEMS,0,0,0,0,0,0,0,,,,0,,,,,
16-120P,"C.D.SAMPLES,TESTERS & ADVT MATERIAL",0164,0164,MAKEUP (FACE)-ADVT MATERIAL,,,PROMOTIONAL MATERIAL (FOC,PROMOTIONAL ITEMS,0,0,0,0,0,0,0,,,,0,,,,,
16-120P,"C.D.SAMPLES,TESTERS & ADVT MATERIAL",0172,0172,MAKEUP (LIPS)-TESTER,,,PROMOTIONAL MATERIAL (FOC,PROMOTIONAL ITEMS,0,0,0,0,0,0,0,,,,0,,,,,
16-120P,"C.D.SAMPLES,TESTERS & ADVT MATERIAL",0173,0173,MAKEUP (LIPS)-DUMMY,,,PROMOTIONAL MATERIAL (FOC,PROMOTIONAL ITEMS,0,0,0,0,0,0,0,,,,0,,,,,
16-120P,"C.D.SAMPLES,TESTERS & ADVT MATERIAL",0174,0174,MAKEUP (LIPS)-ADVT MATERIAL,,,PROMOTIONAL MATERIAL (FOC,PROMOTIONAL ITEMS,0,0,0,0,0,0,0,,,,0,,,,,
16-120P,"C.D.SAMPLES,TESTERS & ADVT MATERIAL",0175,0175,MAKEUP (LIPS) DUO STYLO-SAMPLE,,,,,0,0,0,0,0,0,0,,,,0,,,,,
16-120P,"C.D.SAMPLES,TESTERS & ADVT MATERIAL",0176,0176,MAKEUP (LIPS) DUO STYLO-TESTER,,,,,0,0,0,0,0,0,0,,,,0,,,,,
16-120P,"C.D.SAMPLES,TESTERS & ADVT MATERIAL",0177,0177,MAKEUP (LIPS) DUO STYLO-ADV.MA,,,,,0,0,0,0,0,0,0,,,,0,,,,,
16-120P,"C.D.SAMPLES,TESTERS & ADVT MATERIAL",0182,0182,MAKEUP (NAILS)-TESTER,,,PROMOTIONAL MATERIAL (FOC,PROMOTIONAL ITEMS,0,0,0,0,0,0,0,,,,0,,,,,
16-120P,"C.D.SAMPLES,TESTERS & ADVT MATERIAL",0184,0184,MAKEUP (NAILS)-ADVT MATERIAL,,,PROMOTIONAL MATERIAL (FOC,PROMOTIONAL ITEMS,0,0,0,0,0,0,0,,,,0,,,,,
16-120P,"C.D.SAMPLES,TESTERS & ADVT MATERIAL",0192,0192,HYDRA DIOR-TESTER,,,PROMOTIONAL MATERIAL (FOC,PROMOTIONAL ITEMS,0,0,0,0,0,0,0,,,,0,,,,,
16-120P,"C.D.SAMPLES,TESTERS & ADVT MATERIAL",0194,0194,HYDRA DIOR-ADVT MATERIAL,,,PROMOTIONAL MATERIAL (FOC,PROMOTIONAL ITEMS,0,0,0,0,0,0,0,,,,0,,,,,
16-120P,"C.D.SAMPLES,TESTERS & ADVT MATERIAL",0201,0201,RESULTANTE-SAMPLE,,,PROMOTIONAL MATERIAL (FOC,PROMOTIONAL ITEMS,0,0,0,0,0,0,0,,,,0,,,,,
16-120P,"C.D.SAMPLES,TESTERS & ADVT MATERIAL",0211,0211,CAPTURE-SAMPLE,,,PROMOTIONAL MATERIAL (FOC,PROMOTIONAL ITEMS,0,0,0,0,0,0,0,,,,0,,,,,
16-120P,"C.D.SAMPLES,TESTERS & ADVT MATERIAL",0212,0212,CAPTURE-TESTER,,,PROMOTIONAL MATERIAL (FOC,PROMOTIONAL ITEMS,0,0,0,0,0,0,0,,,,0,,,,,
16-120P,"C.D.SAMPLES,TESTERS & ADVT MATERIAL",0213,0213,CAPTURE-DUMMY,,,PROMOTIONAL MATERIAL (FOC,PROMOTIONAL ITEMS,0,0,0,0,0,0,0,,,,0,,,,,
16-120P,"C.D.SAMPLES,TESTERS & ADVT MATERIAL",0214,0214,CAPTURE-ADVT MATERIAL,,,PROMOTIONAL MATERIAL (FOC,PROMOTIONAL ITEMS,0,0,0,0,0,0,0,,,,0,,,,,
16-120P,"C.D.SAMPLES,TESTERS & ADVT MATERIAL",0221,0221,ICONE-SAMPLE,,,PROMOTIONAL MATERIAL (FOC,PROMOTIONAL ITEMS,0,0,0,0,0,0,0,,,,0,,,,,
16-120P,"C.D.SAMPLES,TESTERS & ADVT MATERIAL",0222,0222,ICONE-TESTER,,,PROMOTIONAL MATERIAL (FOC,PROMOTIONAL ITEMS,0,0,0,0,0,0,0,,,,0,,,,,
16-120P,"C.D.SAMPLES,TESTERS & ADVT MATERIAL",0223,0223,ICONE-DUMMY,,,PROMOTIONAL MATERIAL (FOC,PROMOTIONAL ITEMS,0,0,0,0,0,0,0,,,,0,,,,,
16-120P,"C.D.SAMPLES,TESTERS & ADVT MATERIAL",0231,0231,EQUITE-SAMPLES,,,PROMOTIONAL MATERIAL (FOC,PROMOTIONAL ITEMS,0,0,0,0,0,0,0,,,,0,,,,,
16-120P,"C.D.SAMPLES,TESTERS & ADVT MATERIAL",0232,0232,EQUITE-TESTERS,,,PROMOTIONAL MATERIAL (FOC,PROMOTIONAL ITEMS,0,0,0,0,0,0,0,,,,0,,,,,
16-120P,"C.D.SAMPLES,TESTERS & ADVT MATERIAL",0233,0233,EQUITE-ADVT MATERIAL,,,PROMOTIONAL MATERIAL (FOC,PROMOTIONAL ITEMS,0,0,0,0,0,0,0,,,,0,,,,,
16-120P,"C.D.SAMPLES,TESTERS & ADVT MATERIAL",0236,0236,SKIN CARE-SAMPLES,,,PROMOTIONAL MATERIAL (FOC,PROMOTIONAL ITEMS,0,0,0,0,0,0,0,,,,0,,,,,
16-120P,"C.D.SAMPLES,TESTERS & ADVT MATERIAL",0237,0237,IOD TESTERS,,,PROMOTIONAL MATERIAL (FOC,PROMOTIONAL ITEMS,0,0,0,0,0,0,0,,,,0,,,,,
16-120P,"C.D.SAMPLES,TESTERS & ADVT MATERIAL",0241,0241,DUNE-SAMPLES,,,PROMOTIONAL MATERIAL (FOC,PROMOTIONAL ITEMS,0,0,0,0,0,0,0,,,,0,,,,,
16-120P,"C.D.SAMPLES,TESTERS & ADVT MATERIAL",0242,0242,DUNE-TESTERS,,,PROMOTIONAL MATERIAL (FOC,PROMOTIONAL ITEMS,0,0,0,0,0,0,0,,,,0,,,,,
16-120P,"C.D.SAMPLES,TESTERS & ADVT MATERIAL",0243,0243,DUNE - DUMMY,,,PROMOTIONAL MATERIAL (FOC,PROMOTIONAL ITEMS,0,0,0,0,0,0,0,,,,0,,,,,
16-120P,"C.D.SAMPLES,TESTERS & ADVT MATERIAL",0244,0244,DUNE-ADVT MATERIAL,,,PROMOTIONAL MATERIAL (FOC,PROMOTIONAL ITEMS,0,0,0,0,0,0,0,,,,0,,,,,
16-120P,"C.D.SAMPLES,TESTERS & ADVT MATERIAL",0245,0245,DUNE MENS-TESTER,,,PROMOTIONAL MATERIAL (FOC,PROMOTIONAL ITEMS,0,0,0,0,0,0,0,,,,0,,,,,
16-120P,"C.D.SAMPLES,TESTERS & ADVT MATERIAL",0246,0246,DUNE MENS-SAMPLES,,,PROMOTIONAL MATERIAL (FOC,PROMOTIONAL ITEMS,0,0,0,0,0,0,0,,,,0,,,,,
16-120P,"C.D.SAMPLES,TESTERS & ADVT MATERIAL",0247,0247,DUNE MENS-ADVT. MATERIAL,,,PROMOTIONAL MATERIAL (FOC,PROMOTIONAL ITEMS,0,0,0,0,0,0,0,,,,0,,,,,
16-120P,"C.D.SAMPLES,TESTERS & ADVT MATERIAL",0321,0321,SKIN CARE SAMPLES,,,PROMOTIONAL MATERIAL (FOC,PROMOTIONAL ITEMS,0,0,0,0,0,0,0,,,,0,,,,,
16-120P,"C.D.SAMPLES,TESTERS & ADVT MATERIAL",0335,0335,SVELTE-TESTERS,,,PROMOTIONAL MATERIAL (FOC,PROMOTIONAL ITEMS,0,0,0,0,0,0,0,,,,0,,,,,
16-120P,"C.D.SAMPLES,TESTERS & ADVT MATERIAL",0336,0336,DIOR SVELTE SAMPLES,,,PROMOTIONAL MATERIAL (FOC,PROMOTIONAL ITEMS,0,0,0,0,0,0,0,,,,0,,,,,
16-120P,"C.D.SAMPLES,TESTERS & ADVT MATERIAL",0337,0337,SVELTE-SAMPLES,,,PROMOTIONAL MATERIAL (FOC,PROMOTIONAL ITEMS,0,0,0,0,0,0,0,,,,0,,,,,
16-120P,"C.D.SAMPLES,TESTERS & ADVT MATERIAL",0338,0338,SVELTE-PROMOTIONAL,,,PROMOTIONAL MATERIAL (FOC,PROMOTIONAL ITEMS,0,0,0,0,0,0,0,,,,0,,,,,
16-120P,"C.D.SAMPLES,TESTERS & ADVT MATERIAL",0339,0339,SVELTE-DUMMY,,,PROMOTIONAL MATERIAL (FOC,PROMOTIONAL ITEMS,0,0,0,0,0,0,0,,,,0,,,,,
16-120P,"C.D.SAMPLES,TESTERS & ADVT MATERIAL",0345,0345,ECLAT PARFAIT TESTER,,,PROMOTIONAL MATERIAL (FOC,PROMOTIONAL ITEMS,0,0,0,0,0,0,0,,,,0,,,,,
16-120P,"C.D.SAMPLES,TESTERS & ADVT MATERIAL",0346,0346,DIOR BRONZE - TESTERS,,,PROMOTIONAL MATERIAL (FOC,PROMOTIONAL ITEMS,0,0,0,0,0,0,0,,,,0,,,,,
16-120P,"C.D.SAMPLES,TESTERS & ADVT MATERIAL",0347,0347,DIOR BRONZE - SAMPLES,,,PROMOTIONAL MATERIAL (FOC,PROMOTIONAL ITEMS,0,0,0,0,0,0,0,,,,0,,,,,
16-120P,"C.D.SAMPLES,TESTERS & ADVT MATERIAL",0348,0348,DIOR BRONZE - ADVT. MATERIAL,,,PROMOTIONAL MATERIAL (FOC,PROMOTIONAL ITEMS,0,0,0,0,0,0,0,,,,0,,,,,
16-120P,"C.D.SAMPLES,TESTERS & ADVT MATERIAL",0351,0351,HYDRA STAR SAMPLES,,,PROMOTIONAL MATERIAL (FOC,PROMOTIONAL ITEMS,0,0,0,0,0,0,0,,,,0,,,,,
16-120P,"C.D.SAMPLES,TESTERS & ADVT MATERIAL",0353,0353,HYDRA STAR-TESTERS,,,PROMOTIONAL MATERIAL (FOC,PROMOTIONAL ITEMS,0,0,0,0,0,0,0,,,,0,,,,,
16-120P,"C.D.SAMPLES,TESTERS & ADVT MATERIAL",0354,0354,HYDRA STAR-ADVT MATERIAL,,,PROMOTIONAL MATERIAL (FOC,PROMOTIONAL ITEMS,0,0,0,0,0,0,0,,,,0,,,,,
16-120P,"C.D.SAMPLES,TESTERS & ADVT MATERIAL",0355,0355,MASCARA FLASH - TESTER,,,PROMOTIONAL MATERIAL (FOC,PROMOTIONAL ITEMS,0,0,0,0,0,0,0,,,,0,,,,,
16-120P,"C.D.SAMPLES,TESTERS & ADVT MATERIAL",0357,0357,MASCARA FLASH - ADVT. MAT.,,,PROMOTIONAL MATERIAL (FOC,PROMOTIONAL ITEMS,0,0,0,0,0,0,0,,,,0,,,,,
16-120P,"C.D.SAMPLES,TESTERS & ADVT MATERIAL",0358,0358,BLUSH REFLETS FOR HAIR,,,PROMOTIONAL MATERIAL (FOC,PROMOTIONAL ITEMS,0,0,0,0,0,0,0,,,,0,,,,,
16-120P,"C.D.SAMPLES,TESTERS & ADVT MATERIAL",0359,0359,ETHIQUE - TESTERS,,,PROMOTIONAL MATERIAL (FOC,PROMOTIONAL ITEMS,0,0,0,0,0,0,0,,,,0,,,,,
16-120P,"C.D.SAMPLES,TESTERS & ADVT MATERIAL",0371,0371,J'ADORE-TESTER,,,PROMOTIONAL MATERIAL (FOC,PROMOTIONAL ITEMS,0,0,0,0,0,0,0,,,,0,,,,,
16-120P,"C.D.SAMPLES,TESTERS & ADVT MATERIAL",0372,0372,J'ADORE-SAMPLE,,,PROMOTIONAL MATERIAL (FOC,PROMOTIONAL ITEMS,0,0,0,0,0,0,0,,,,0,,,,,
16-120P,"C.D.SAMPLES,TESTERS & ADVT MATERIAL",0373,0373,J'ADORE - ADVT.MATERIALS,,,PROMOTIONAL MATERIAL (FOC,PROMOTIONAL ITEMS,0,0,0,0,0,0,0,,,,0,,,,,
16-120P,"C.D.SAMPLES,TESTERS & ADVT MATERIAL",0374,0374,J'ADORE-PROMOTIONAL,,,PROMOTIONAL MATERIAL (FOC,PROMOTIONAL ITEMS,0,0,0,0,0,0,0,,,,0,,,,,
16-120P,"C.D.SAMPLES,TESTERS & ADVT MATERIAL",0381,0381,DIOR PRESTIGE-TESTER,,,PROMOTIONAL MATERIAL (FOC,PROMOTIONAL ITEMS,0,0,0,0,0,0,0,,,,0,,,,,
16-120P,"C.D.SAMPLES,TESTERS & ADVT MATERIAL",0383,0383,DIOR PRESTIGE-ADVT MATERIAL,,,PROMOTIONAL MATERIAL (FOC,PROMOTIONAL ITEMS,0,0,0,0,0,0,0,,,,0,,,,,
16-120P,"C.D.SAMPLES,TESTERS & ADVT MATERIAL",0384,0384,DIOR PRESTIGE-DUMMIES,,,PROMOTIONAL MATERIAL (FOC,PROMOTIONAL ITEMS,0,0,0,0,0,0,0,,,,0,,,,,
16-120P,"C.D.SAMPLES,TESTERS & ADVT MATERIAL",0391,0391,SKIN CARE M/UP REMOVER-TESTER,,,PROMOTIONAL MATERIAL (FOC,PROMOTIONAL ITEMS,0,0,0,0,0,0,0,,,,0,,,,,
16-120P,"C.D.SAMPLES,TESTERS & ADVT MATERIAL",0392,0392,SKIN CARE M/UP REMOVER-SAMPLE,,,PROMOTIONAL MATERIAL (FOC,PROMOTIONAL ITEMS,0,0,0,0,0,0,0,,,,0,,,,,
16-120P,"C.D.SAMPLES,TESTERS & ADVT MATERIAL",0393,0393,SKIN CARE M/UP REMOVER-ADV.MAT,,,PROMOTIONAL MATERIAL (FOC,PROMOTIONAL ITEMS,0,0,0,0,0,0,0,,,,0,,,,,
16-120P,"C.D.SAMPLES,TESTERS & ADVT MATERIAL",0394,0394,SKIN CARE M/UP REMOVER-DUMMIES,,,PROMOTIONAL MATERIAL (FOC,PROMOTIONAL ITEMS,0,0,0,0,0,0,0,,,,0,,,,,
16-120P,"C.D.SAMPLES,TESTERS & ADVT MATERIAL",0395,0395,REMEMBER ME- TESTER,,,,,0,0,0,0,0,0,0,,,,0,,,,,
16-120P,"C.D.SAMPLES,TESTERS & ADVT MATERIAL",0396,0396,REMEMBER ME- SAMPLE,,,,,0,0,0,0,0,0,0,,,,0,,,,,
16-120P,"C.D.SAMPLES,TESTERS & ADVT MATERIAL",0397,0397,REMEMBER ME -ADVT-MATERIAL,,,,,0,0,0,0,0,0,0,,,,0,,,,,
16-120P,"C.D.SAMPLES,TESTERS & ADVT MATERIAL",0401,0401,NO AGE -TESTER,,,,,0,0,0,0,0,0,0,,,,0,,,,,
16-120P,"C.D.SAMPLES,TESTERS & ADVT MATERIAL",0402,0402,NO AGE-SAMPLE,,,,,0,0,0,0,0,0,0,,,,0,,,,,
16-120P,"C.D.SAMPLES,TESTERS & ADVT MATERIAL",0403,0403,NO AGE- ADVT MATERIALS,,,,,0,0,0,0,0,0,0,,,,0,,,,,
16-120P,"C.D.SAMPLES,TESTERS & ADVT MATERIAL",0405,0405,DIOR SNOW - TESTER,,,,,0,0,0,0,0,0,0,,,,0,,,,,
16-120P,"C.D.SAMPLES,TESTERS & ADVT MATERIAL",0406,0406,DIOR SNOW -SAMPLE,,,,,0,0,0,0,0,0,0,,,,0,,,,,
16-120P,"C.D.SAMPLES,TESTERS & ADVT MATERIAL",0407,0407,DIOR SNOW-ADVT.MATERIALS,,,,,0,0,0,0,0,0,0,,,,0,,,,,
16-120P,"C.D.SAMPLES,TESTERS & ADVT MATERIAL",0408,0408,BIKINI BODY-TESTER,,,,,0,0,0,0,0,0,0,,,,0,,,,,
16-120P,"C.D.SAMPLES,TESTERS & ADVT MATERIAL",0409,0409,BIKINI BODY-ADVT MAT,,,,,0,0,0,0,0,0,0,,,,0,,,,,
16-120P,"C.D.SAMPLES,TESTERS & ADVT MATERIAL",0411,0411,HIGHER DIOR P/HOMME-SAMPLES,,,,,0,0,0,0,0,0,0,,,,0,,,,,
16-120P,"C.D.SAMPLES,TESTERS & ADVT MATERIAL",0412,0412,HIHGER DIOR P/HOMME-TESTERS,,,,,0,0,0,0,0,0,0,,,,0,,,,,
16-120P,"C.D.SAMPLES,TESTERS & ADVT MATERIAL",0413,0413,HIGHER DIOR P/HOMME-DUMMY,,,,,0,0,0,0,0,0,0,,,,0,,,,,
16-120P,"C.D.SAMPLES,TESTERS & ADVT MATERIAL",0414,0414,HIGHER DIOR P/H-ADV.MATERIALS,,,,,0,0,0,0,0,0,0,,,,0,,,,,
16-120P,"C.D.SAMPLES,TESTERS & ADVT MATERIAL",0500,0500,HYDRA MOVE-SAMPLE,,,,,0,0,0,0,0,0,0,,,,0,,,,,
16-120P,"C.D.SAMPLES,TESTERS & ADVT MATERIAL",0501,0501,HYDRA MOVE-TESTER,,,,,0,0,0,0,0,0,0,,,,0,,,,,
16-120P,"C.D.SAMPLES,TESTERS & ADVT MATERIAL",0502,0502,HYDRA MOVE-ADVT.MATERIALS,,,,,0,0,0,0,0,0,0,,,,0,,,,,
16-120P,"C.D.SAMPLES,TESTERS & ADVT MATERIAL",0503,0503,HYDRA MOVE-DUMMY,,,,,0,0,0,0,0,0,0,,,,0,,,,,
16-120P,"C.D.SAMPLES,TESTERS & ADVT MATERIAL",0600,0600,LOOK MAGNA-SAMPLE,,,,,0,0,0,0,0,0,0,,,,0,,,,,
16-120P,"C.D.SAMPLES,TESTERS & ADVT MATERIAL",0601,0601,LOOK MAGNA-TESTER,,,,,0,0,0,0,0,0,0,,,,0,,,,,
16-120P,"C.D.SAMPLES,TESTERS & ADVT MATERIAL",0602,0602,LOOK MAGNA-ADVT.MATERIALS,,,,,0,0,0,0,0,0,0,,,,0,,,,,
16-120P,"C.D.SAMPLES,TESTERS & ADVT MATERIAL",0603,0603,LOOK MAGNA-DUMMY,,,,,0,0,0,0,0,0,0,,,,0,,,,,
16-120P,"C.D.SAMPLES,TESTERS & ADVT MATERIAL",0604,0604,BIKINI-SAMPLES,,,,,0,0,0,0,0,0,0,,,,0,,,,,
16-120P,"C.D.SAMPLES,TESTERS & ADVT MATERIAL",0605,0605,BIKINI-TESTERS,,,,,0,0,0,0,0,0,0,,,,0,,,,,
16-120P,"C.D.SAMPLES,TESTERS & ADVT MATERIAL",0606,0606,BIKINI-ADVT MAT,,,,,0,0,0,0,0,0,0,,,,0,,,,,
16-120P,"C.D.SAMPLES,TESTERS & ADVT MATERIAL",0607,0607,BIKINI-DUMMIES,,,,,0,0,0,0,0,0,0,,,,0,,,,,
16-120P,"C.D.SAMPLES,TESTERS & ADVT MATERIAL",0701,0701,DIOR ADDICT-SAMPLE,,,,,0,0,0,0,0,0,0,,,,0,,,,,
16-120P,"C.D.SAMPLES,TESTERS & ADVT MATERIAL",0702,0702,DIOR ADDICT-TESTER,,,,,0,0,0,0,0,0,0,,,,0,,,,,
16-120P,"C.D.SAMPLES,TESTERS & ADVT MATERIAL",0703,0703,DIOR ADDICT-ADVT. MATERIALS,,,,,0,0,0,0,0,0,0,,,,0,,,,,
16-120P,"C.D.SAMPLES,TESTERS & ADVT MATERIAL",0704,0704,DIOR ADDICT-DUMMIES,,,,,0,0,0,0,0,0,0,,,,0,,,,,
16-120P,"C.D.SAMPLES,TESTERS & ADVT MATERIAL",1000,1000,GENERAL,,,PROMOTIONAL MATERIAL (FOC,PROMOTIONAL ITEMS,0,0,0,0,0,0,0,,,,0,,,,,
16-120D,CHRISTIAN DIOR DISCONTINUED ITEMS,0324,0324,SKIN CARE-CAPTURE-LIFT,,,C'DIOR DISCONTINUED,C'DIOR DISCONTINUED,0,0,0,0,0,0,0,CAPTURE R60/80,FACE SKINCARE,SKINCARE,0,,,,,
16-120D,CHRISTIAN DIOR DISCONTINUED ITEMS,0330,0330,SKIN CARE-ICONE III,,,C'DIOR DISCONTINUED,CHRISTIAN DIOR,0,0,0,0,0,0,0,ICONE,FACE SKINCARE,SKINCARE,0,,,,,
16-120D,CHRISTIAN DIOR DISCONTINUED ITEMS,0345,0345,ECLAT PARFAIT,,,C'DIOR,CHRISTIAN DIOR,0,0,0,0,0,0,0,ECLAT/VITALMINE,FACE SKINCARE,SKINCARE,0,,,,,
16-120D,CHRISTIAN DIOR DISCONTINUED ITEMS,0326,0326,SKIN CARE - SPF 30,,,C'DIOR,CHRISTIAN DIOR,0,0,0,0,0,0,0,UV20/C. DE DIOR,FACE SKINCARE,SKINCARE,0,,,,,
16-120D,CHRISTIAN DIOR DISCONTINUED ITEMS,0338,0338,SKIN CARE - SPECIFIC LEGS,,,C'DIOR DISCONTINUED,C'DIOR DISCOUNTINUED,0,0,0,0,0,0,0,OTHER BODY CARE,BODY CARE,SKINCARE,0,,,,,
16-120A,CHRISTIAN DIOR PROMOTIONAL ITEMS,0157,0157,HIGHER,,,C'DIOR PROMOTIONAL,C'DIOR PROMOTIONAL,0,0,0,0,0,0,0,PROMOTION,PROMOTION,,0,,,,,
16-120P,"C.D.SAMPLES,TESTERS & ADVT MATERIAL",0360,0360,ETHIQUE - SAMPLES,,,,,0,0,0,0,0,0,0,,,,0,,,,,
16-120,PARFUMS CHRISTIAN DIOR,0171,0171,I LOVE DIOR,,,C'DIOR,CHRISTIAN DIOR,0,0,0,0,0,111000,111000,I LOVE DIOR,WOMEN FRAGRANCES,WOMEN,0,,,,,
16-120,PARFUMS CHRISTIAN DIOR,0340,0340,CAPTURE R60/80,,,C'DIOR,CHRISTIAN DIOR,0,0,0,0,0,0,0,CAPTURE R60/80,FACE SKINCARE,SKINCARE,0,,,,,
16-120D,CHRISTIAN DIOR DISCONTINUED ITEMS,0340,0340,CAPTURE R60/80,,,C'DIOR DISCONTINUED,C'DIOR DISCONTINUED,0,0,0,0,0,0,0,CAPTURE R60/80,FACE SKINCARE,SKINCARE,0,,,,,
16-120P,"C.D.SAMPLES,TESTERS & ADVT MATERIAL",0340,0340,CAPTURE R60/80,,,,,0,0,0,0,0,0,0,,,,0,,,,,
16-120P,"C.D.SAMPLES,TESTERS & ADVT MATERIAL",0801,0801,I LOVE DIOR-SAMPLE,,,,,0,0,0,0,0,0,0,,,,0,,,,,
16-120P,"C.D.SAMPLES,TESTERS & ADVT MATERIAL",0802,0802,I LOVE DIOR-TESTER,,,,,0,0,0,0,0,0,0,,,,0,,,,,
16-120P,"C.D.SAMPLES,TESTERS & ADVT MATERIAL",0803,0803,I LOVE DIOR-ADVT.MAT,,,,,0,0,0,0,0,0,0,,,,0,,,,,
16-120P,"C.D.SAMPLES,TESTERS & ADVT MATERIAL",0804,0804,I LOVE DIOR-DUMMIES,,,,,0,0,0,0,0,0,0,,,,0,,,,,
16-120A,CHRISTIAN DIOR PROMOTIONAL ITEMS,0158,0158,ADDICT,,,C'DIOR PROMOTIONAL,C'DIOR PROMOTIONAL,0,0,0,0,0,0,0,PROMOTION,PROMOTION,,0,,,,,
16-120,PARFUMS CHRISTIAN DIOR,0360,0360,MASCARA DIOR SNOW,,,C'DIOR,CHRISTIAN DIOR,0,0,0,0,0,0,0,MAKE UP-HAIR,MAKE UP,MAKEUP,0,,,,,
16-120D,CHRISTIAN DIOR DISCONTINUED ITEMS,0360,0360,MASCARA DIOR SNOW,,,C'DIOR DISCONTINUED,C'DIOR DISCONTINUED,0,0,0,0,0,0,0,MAKE UP-HAIR,MAKE UP,MAKEUP,0,,,,,
16-120,PARFUMS CHRISTIAN DIOR,0172,0172,BIKINI,,,C'DIOR,CHRISTIAN DIOR,0,0,0,0,0,0,0,BIKINI,BODY CARE,SKINCARE,0,,,,,
16-120,PARFUMS CHRISTIAN DIOR,0230,0230,DOIR ADDICT ULTR GLOSS,,,C'DIOR,CHRISTIAN DIOR,0,0,0,0,0,0,0,MAKE UP-LIPS,MAKE UP,MAKEUP,0,,,,,
16-120,PARFUMS CHRISTIAN DIOR,0112,0112,JADORE EDT,,,C'DIOR,CHRISTIAN DIOR,0,0,0,0,0,0,0,J'ADORE,WOMEN FRAGRANCES,WOMEN,0,,,,,
16-120P,"C.D.SAMPLES,TESTERS & ADVT MATERIAL",0375,0375,JADORE EDT-TESTER,,,,,0,0,0,0,0,0,0,,,,0,,,,,
16-120P,"C.D.SAMPLES,TESTERS & ADVT MATERIAL",0376,0376,JADORE EDT-SAMPLE,,,,,0,0,0,0,0,0,0,,,,0,,,,,
16-120P,"C.D.SAMPLES,TESTERS & ADVT MATERIAL",0377,0377,JADORE EDT ADVT MAT,,,,,0,0,0,0,0,0,0,,,,0,,,,,
16-120,PARFUMS CHRISTIAN DIOR,0371,0371,ENERGY-MOVE,,,C'DIOR,CHRISTIAN DIOR,0,0,0,0,0,0,0,PROMOTION,PROMOTION,SKINCARE,0,,,,,
16-120,PARFUMS CHRISTIAN DIOR,0344,0344,CAPTURE LIFT,,,C'DIOR,CHRISTIAN DIOR,0,0,0,0,0,0,0,CAPTURE LIFT,FACE SKINCARE,SKINCARE,0,,,,,
16-120D,CHRISTIAN DIOR DISCONTINUED ITEMS,0344,0344,CAPTURE LIFT,,,C'DIOR DISCONTINUED,C'DIOR DISCONTINUED,0,0,0,0,0,0,0,CAPTURE LIFT,FACE SKINCARE,SKINCARE,0,,,,,
16-120,PARFUMS CHRISTIAN DIOR,0180,0180,HIGHER-ENERGY,,,C'DIOR,CHRISTIAN DIOR,0,0,0,0,0,204000,204000,HIGHER-ENERGY,MEN FRAGRANCES,MEN,0,,,,,
16-120D,CHRISTIAN DIOR DISCOTINUED ITEMS,0180,0180,HIGHER-ENERGY,,,C'DIOR DISCONTINUED,C'DIOR DISCONTINUED,0,0,0,0,0,0,0,HIGHER-ENERGY,MEN FRAGRANCES,MEN,0,,,,,
16-120P,"C.D.SAMPLES,TESTERS & ADVT MATERIAL",0901,0901,HIGHER ENERGY-SAMPLES,,,,,0,0,0,0,0,0,0,,,,0,,,,,
16-120P,"C.D.SAMPLES,TESTERS & ADVT MATERIAL",0902,0902,HIGHER ENERGY-TESTER,,,,,0,0,0,0,0,0,0,,,,0,,,,,
16-120P,"C.D.SAMPLES,TESTERS & ADVT MATERIAL",0903,0903,HIGHER ENERGY-ADV.MATERIALS,,,,,0,0,0,0,0,0,0,,,,0,,,,,
16-120P,"C.D.SAMPLES,TESTERS & ADVT MATERIAL",0904,0904,HIGHER ENERGY-DUMMY,,,,,0,0,0,0,0,0,0,,,,0,,,,,
16-120A,CHRISTIAN DIOR PROMOTIONAL ITEMS,0312,0312,CAPTURE R60/80,,,C'DIOR PROMOTIONAL,C'DIOR PROMATIONAL,0,0,0,0,0,0,0,PROMOTION,PROMOTION,,0,,,,,
16-120P,"C.D.SAMPLES,TESTERS & ADVT MATERIAL",0999,0999,BEAUTY CLINIC-TESTERS,,,,,0,0,0,0,0,0,0,,,,0,,,,,
16-120,PARFUMS CHRISTIAN DIOR,0232,0232,MAKE UP-LIPS(ADDICT ULTRA SHIN,,,C'DIOR,CHRISTIAN DIOR,0,0,0,0,0,0,0,MAKE UP-LIPS,MAKE UP,MAKEUP,0,,,,,
16-120,PARFUMS CHRISTIAN DIOR,0335,0335,SKIN CARE(CAPTURE FIRST ACTION,,,C'DIOR,CHRISTIAN DIOR,0,0,0,0,0,0,0,CAPTURE FIRST ACTION,FACE SKINCARE,SKINCARE,0,,,,,
16-120D,CHRISTIAN DIOR DISCONTINUED ITEMS,0335,0335,SKIN CARE(CAPTURE FIRST ACTION,,,C'DIOR DISCONTINUED,C'DIOR DISCONTINUED,0,0,0,0,0,0,0,CAPTURE FIRST ACTION,FACE SKINCARE,SKINCARE,0,,,,,
16-120,PARFUMS CHRISTIAN DIOR,0114,0114,CHRIS 1947,,,C'DIOR,CHRISTIAN DIOR,0,0,0,0,0,0,0,CHRIS,WOMEN FRAGRANCES,WOMEN,0,,,,,
16-120P,"C.D.SAMPLES,TESTERS & ADVT MATERIAL",0905,0905,CHRIS 47-SAMPLE,,,,,0,0,0,0,0,0,0,,,,0,,,,,
16-120P,"C.D.SAMPLES,TESTERS & ADVT MATERIAL",0906,0906,CHRIS 47-TESTER,,,,,0,0,0,0,0,0,0,,,,0,,,,,
16-120P,"C.D.SAMPLES,TESTERS & ADVT MATERIAL",0907,0907,CHRIS 47-ADV. MATERIALS,,,,,0,0,0,0,0,0,0,,,,0,,,,,
16-120P,"C.D.SAMPLES,TESTERS & ADVT MATERIAL",0908,0908,CHRIS 47 -DUMMY,,,,,0,0,0,0,0,0,0,,,,0,,,,,
16-120D,CHRISTIAN DIOR DISCONTINUED ITEMS,0228,0228,MAKE UP LIPS-DOUSTYI LIPS,,,C'DIOR DISCONTINUED,C'DIOR DISCOUNTINUED,0,0,0,0,0,0,0,MAKE UP-LIPS,MAKE UP,MAKEUP,0,,,,,
16-120D,CHRISTIAN DIOR DISCONTINUED ITEMS,0229,0229,MAKE UP-LIPS(ROUGE DIOR ADDICT,,,C'DIOR DISCONTINUED,C'DIOR DISCOUNTINUED,0,0,0,0,0,0,0,MAKE UP-LIPS,MAKE UP,MAKEUP,0,,,,,
16-120D,CHRISTIAN DIOR DISCONTINUED ITEMS,0230,0230,DIOR ADDICT ULTRA GLOSS,,,C'DIOR DISCONTINUED,C'DIOR DISCOUNTINUED,0,0,0,0,0,0,0,MAKE UP-LIPS,MAKE UP,MAKEUP,0,,,,,
16-120D,CHRISTIAN DIOR DISCONTINUED ITEMS,0309,0309,SKIN CARE-MASK,,,C'DIOR,CHRISTIAN DIOR,0,0,0,0,0,0,0,SKIN CARE-MASK,FACE SKINCARE,SKINCARE,0,,,,,
16-120D,CHRISTIAN DIOR DISCONTINUED ITEMS,0310,0310,SKIN CARE -IOD,,,C'DIOR DISCONTINUED,C'DIOR DISCOUNTINUED,0,0,0,0,0,0,0,SKIN CARE-IOD,FACE SKINCARE,SKINCARE,0,,,,,
16-120D,CHRISTIAN DIOR DISCONTINUED ITEMS,0329,0329,SKIN CARE -NO AGE,,,C'DIOR DISCONTINUED,CHRISTIAN DIOR,0,0,0,0,0,0,0,NO AGE,FACE SKINCARE,SKINCARE,0,,,,,
16-120D,CHRISTIAN DIOR DISCONTINUED ITEMS,0361,0361,DIOR SNOW-WHITENING,,,C'DIOR DISCONTINUED,C'DIOR DISCOUNTINUED,0,0,0,0,0,0,0,DIOR SNOW,FACE SKINCARE,SKINCARE,0,,,,,
16-120D,CHRISTIAN DIOR DISCONTINUED ITEMS,0364,0364,BIKINI BODY,,,C'DIOR DISCONTINUED,C'DIOR DISCOUNTINUED,20,0,0,0,0,0,0,BIKINI,BODY CARE,SKINCARE,0,,,,,
16-120D,CHRISTIAN DIOR DISCONTINUED ITEMS,0362,0362,BODY PRESTIGE,,,C'DIOR,CHRISTIAN DIOR,0,0,0,0,0,0,0,BODY PRESTIGE,BODY CARE,SKINCARE,0,,,,,
16-120A,CHRISTIAN DIOR PROMOTIONAL ITEMS,0160,0160,HIGHER DIOR,,,C'DIOR PROMOTIONAL,C'DIOR PROMOTIONAL,0,0,0,0,0,0,0,PROMOTION,PROMOTION,,0,,,,,
16-120A,CHRISTIAN DIOR PROMOTIONAL ITEMS,0180,0180,HIGHER ENERGY,,,C'DIOR PROMOTIONAL,C'DIOR PROMOTIONAL,0,0,0,0,0,0,0,PROMOTION,PROMOTION,,0,,,,,
16-120,PARFUMS CHRISTIAN DIOR,0233,0233,MAKE UP-LIPS (DIOR ADDICT),,,C'DIOR,CHRISTIAN DIOR,0,0,0,0,0,0,0,MAKE UP-LIPS,MAKE UP,MAKEUP,0,,,,,
16-120,PARFUMS CHRISTIAN DIOR,0162,0162,DIOR ADDICT EAU FRAICHE,,,C'DIOR,CHRISTIAN DIOR,0,0,0,0,0,16000,16000,DIOR ADICT EAU FRAICHE,WOMEN FRAGRANCES,WOMEN,0,,,,,
16-120P,"C.D.SAMPLES,TESTERS & ADVT MATERIAL",0706,0706,DIOR ADDICT EAU FRAICHE-SAMPLE,,,,,0,0,0,0,0,0,0,,,,0,,,,,
16-120P,"C.D.SAMPLES,TESTERS & ADVT MATERIAL",0707,0707,DIOR ADDICT EAU FRAICHE-TESTER,,,,,0,0,0,0,0,0,0,,,,0,,,,,
16-120P,"C.D.SAMPLES,TESTERS & ADVT MATERIAL",0708,0708,DIOR ADDICT EAU FRAICHE-ADT.MA,,,,,0,0,0,0,0,0,0,,,,0,,,,,
16-120P,"C.D.SAMPLES,TESTERS & ADVT MATERIAL",0709,0709,DIOR ADDICT EAU FRAICHE-DUMMIE,,,,,0,0,0,0,0,0,0,,,,0,,,,,
16-120P,"C.D.SAMPLES,TESTERS & ADVT MATERIAL",1003,1003,DIORSKIN-ADVTG. MATERIAL,,,,,0,0,0,0,0,0,0,,,,0,,,,,
16-120,PARFUMS CHRISTIAN DIOR,0115,0115,PURE POISON,,,C'DIOR,CHRISTIAN DIOR,0,0,0,0,0,441500,441500,PURE POISON,WOMEN FRAGRANCES,WOMEN,0,,,,,
16-120D,CHRISTIAN DIOR DISCONTINUED ITEMS,0353,0352,HYDRA MOVE,,,C'DIOR DISCONTINUED,C'DIOR DISCOUNTINUED,0,0,0,0,0,0,0,HYDRA MOVE,FACE SKINCARE,SKINCARE,0,,,,,
16-120D,CHRISTIAN DIOR DISCONTINUED ITEMS,0232,0232,MAKEUP-LIPS (ADDICT ULTRA),,,C'DIOR DISCONTINUED,C'DIOR DISCOUNTINUED,0,0,0,0,0,0,0,MAKE UP-LIPS,MAKE UP,MAKEUP,0,,,,,
16-120P,"C.D.SAMPLES,TESTERS & ADVT MATERIAL",0065,0065,PURE POISON-SAMPLE,,,,,0,0,0,0,0,0,0,,,,0,,,,,
16-120P,"C.D.SAMPLES,TESTERS & ADVT MATERIAL",0066,0066,PURE POISON-TESTER,,,,,0,0,0,0,0,0,0,,,,0,,,,,
16-120P,"C.D.SAMPLES,TESTERS & ADVT MATERIAL",0067,0067,PURE POISON-ADVT.MATERIALS,,,,,0,0,0,0,0,0,0,,,,0,,,,,
16-120P,"C.D.SAMPLES,TESTERS & ADVT MATERIAL",0068,0068,PURE POISON-DUMMY,,,,,0,0,0,0,0,0,0,,,,0,,,,,
16-120A,CHRISTIAN DIOR PROMOTIONAL ITEMS,0115,0115,PURE POISON,,,C'DIOR PROMOTIONAL,C'DIOR PROMOTIONAL,0,0,0,0,0,0,0,PROMOTION,PROMOTION,,0,,,,,
16-120,PARFUMS CHRISTIAN DIOR,0343,0343,CAPTURE SCULPT,,,C'DIOR,CHRISTIAN DIOR,0,0,0,0,0,115000,115000,CAPTURE SCULPT,FACE SKINCARE,SKINCARE,0,,,,,
16-120D,CHRISTIAN DIOR DISCONTINUED ITEMS,0343,0343,CAPTURE SCULPT,,,C'DIOR DISCONTINUED,C'DIOR DISCONTINUED,0,0,0,0,0,0,0,CAPTURE SCULPT,FACE SKINCARE,SKINCARE,0,,,,,
16-120D,PARFUMS CHRISTIAN DIOR,0342,0342,VITALMINE (SKINCARE),,,C'DIOR,CHRISTIAN DIOR,0,0,0,0,0,0,0,ECLAT/VITALMINE,FACE SKINCARE,SKINCARE,0,,,,,
16-120D,PARFUMS CHRISTIAN DIOR,0331,0331,SKIN CARE-ICONE-ALL DRYNESS,,,C'DIOR,CHRISTIAN DIOR,0,0,0,0,0,0,0,ICONE,FACE SKINCARE,SKINCARE,0,,,,,
16-120D,PARFUMS CHRISTIAN DIOR,0332,0332,SKIN CARE-ICONE-SENSITIVE,,,C'DIOR,CHRISTIAN DIOR,0,0,0,0,0,0,0,ICONE,FACE SKINCARE,SKINCARE,0,,,,,
16-120D,PARFUMS CHRISTIAN DIOR,0233,0233,MAKE UP-LIPS (DIOR ADDICT),,,C'DIOR DISCONTINUED,CHRISTIAN DIOR,0,0,0,0,0,0,0,MAKE UP-LIPS,MAKE UP,MAKEUP,0,,,,,
16-120D,PARFUMS CHRISTIAN DIOR,0304,0304,SKIN CARE-PRESTIGE LINE,,,C'DIOR,CHRISTIAN DIOR,0,0,0,0,0,0,0,PRESTIGE,FACE SKINCARE,SKINCARE,0,,,,,
16-120D,PARFUMS CHRISTIAN DIOR,0323,0323,SKIN CARE-CAPTURE-HANDS,,,C'DIOR,CHRISTIAN DIOR,0,0,0,0,0,0,0,CAPTURE R60/80,FACE SKINCARE,SKINCARE,0,,,,,
16-120D,PARFUMS CHRISTIAN DIOR,0327,0327,SKIN CARE PHENOMEN A,,,C'DIOR,CHRISTIAN DIOR,0,0,0,0,0,0,0,PHENOMEN A,FACE SKINCARE,SKINCARE,0,,,,,
16-120D,PARFUMS CHRISTIAN DIOR,0328,0328,MODEL LIFT,,,C'DIOR,CHRISTIAN DIOR,0,0,0,0,0,0,0,MODEL LIFT,FACE SKINCARE,SKINCARE,0,,,,,
16-120A,CHRISTIAN DIOR PROMOTIONAL ITEMS,0154,0154,DIOR ADDICT,,,C'DIOR PROMOTIONAL,C'DIOR PROMOTIONAL,0,0,0,0,0,0,0,PROMOTION,PROMOTION,,0,,,,,
16-120P,"C.D.SAMPLES,TESTERS & ADVT MATERIAL",1001,1001,DIORSKIN-SAMPLE,,,,,0,0,0,0,0,0,0,,,,0,,,,,
16-120P,"C.D.SAMPLES,TESTERS & ADVT MATERIAL",1002,1002,DIORSKIN-TESTER,,,,,0,0,0,0,0,0,0,,,,0,,,,,
16-120,PARFUMS CHRISTIAN DIOR,0346,0346,WRINKLE CAPTURE,,,C'DIOR,CHRISTIAN DIOR,0,0,0,0,0,0,0,MAKE UP-LIPS,MAKE UP,SKINCARE,0,,,,,
16-120,PARFUMS CHRISTIAN DIOR,0234,0234,MAKEUP LIPS-DIOR PRINCESS RING,,,C'DIOR,CHRISTIAN DIOR,0,0,0,0,0,0,0,WRINKLE CAPTURE,FACE SKINCARE,MAKEUP,0,,,,,
16-120D,PARFUMS CHRISTIAN DIOR,0234,0234,MAKEUP LIPS-DIOR PRINCESS RING,,,C'DIOR,CHRISTIAN DIOR,0,0,0,0,0,0,0,WRINKLE CAPTURE,FACE SKINCARE,SKINCARE,0,,,,,
16-120P,"C.D.SAMPLES,TESTERS & ADVT MATERIAL",0015,0015,MISS DIOR CHERIE-SAMPLE,,,,,0,0,0,0,0,0,0,,,,0,,,,,
16-120P,"C.D.SAMPLES,TESTERS & ADVT MATERIAL",0016,0016,MISS DIOR CHERIE-TESTER,,,,,0,0,0,0,0,0,0,,,,0,,,,,
16-120P,"C.D.SAMPLES,TESTERS & ADVT MATERIAL",0017,0017,MISS DIOR CHERIE-DUMMY,,,,,0,0,0,0,0,0,0,,,,0,,,,,
16-120P,"C.D.SAMPLES,TESTERS & ADVT MATERIAL",0018,0018,MISS DIOR CHERIE-ADV.MATERIALS,,,,,0,0,0,0,0,0,0,,,,0,,,,,
16-120,PARFUMS CHRISTIAN DIOR,0235,0235,MAKE UP-LIPS(DIOR ADCT.P.GLOSS,,,C'DIOR,CHRISTIAN DIOR,0,0,0,0,0,0,0,MAKE UP-LIPS,MAKE UP,MAKEUP,0,,,,,
16-120,PARFUMS CHRISTIAN DIOR,0154,0154,MISS DIOR CHERIE,,,C'DIOR,CHRISTIAN DIOR,0,0,0,0,0,1032000,1032000,MISS DIOR CHERIE,WOMEN FRAGRANCES,WOMEN,0,,,,,
16-120D,CHRISTIAN DIOR DISCONTINUED ITEMS,0235,0235,MAKE UP-LIPS(DIOR ADCT.P.GLOSS,,,C'DIOR,CHRISTIAN DIOR,0,0,0,0,0,0,0,MAKE UP-LIPS,MAKE UP,MAKEUP,0,,,,,
16-120,PARFUMS CHRISTIAN DIOR,0306,0306,MAKE-UP REMOVER RANGE,,,C'DIOR,CHRISTIAN DIOR,0,0,0,0,0,292000,292000,REMOVER/SKIN CARE-MASK,FACE SKINCARE,SKINCARE,0,,,,,
16-120P,"C.D.SAMPLES,TESTERS & ADVT MATERIAL",0504,0504,MAKE-UP REMOVER RANGE-SAMPLE,,,,,0,0,0,0,0,0,0,,,,0,,,,,
16-120P,"C.D.SAMPLES,TESTERS & ADVT MATERIAL",0505,0505,MAKE-UP REMOVER RANGE-TESTER,,,,,0,0,0,0,0,0,0,,,,0,,,,,
16-120P,"C.D.SAMPLES,TESTERS & ADVT MATERIAL",0506,0506,MAKE-UP REMOVER RANGE-DUMMY,,,,,0,0,0,0,0,0,0,,,,0,,,,,
16-120P,"C.D.SAMPLES,TESTERS & ADVT MATERIAL",0507,0507,MAKE-UP REMOVER RANGE-ADVT MTL,,,,,0,0,0,0,0,0,0,,,,0,,,,,
16-120,PARFUMS CHRISTIAN DIOR,0372,0372,HYDRACTION DEEP,,,C'DIOR,CHRISTIAN DIOR,0,0,0,0,0,452000,452000,HYDRACTION DEEP,FACE SKINCARE,SKINCARE,0,,,,,
16-120,PARFUMS CHRISTIAN DIOR,0159,0159,DIOR HOMME,,,C'DIOR,CHRISTIAN DIOR,0,0,0,0,0,748000,748000,DIOR HOME,MEN FRAGRANCES,MEN,0,,,,,
16-120P,"C.D.SAMPLES,TESTERS & ADVT MATERIAL",1004,1004,DIOR HOMME-SAPLE,,,,,0,0,0,0,0,0,0,,,,0,,,,,
16-120P,"C.D.SAMPLES,TESTERS & ADVT MATERIAL",1005,1005,DIOR HOMME-TESTER,,,,,0,0,0,0,0,0,0,,,,0,,,,,
16-120P,"C.D.SAMPLES,TESTERS & ADVT MATERIAL",1006,1006,DIOR HOMME-DUMMY,,,,,0,0,0,0,0,0,0,,,,0,,,,,
16-120P,"C.D.SAMPLES,TESTERS & ADVT MATERIAL",1007,1007,DIOR HOMME-ADVT.MATERIALS,,,,,0,0,0,0,0,0,0,,,,0,,,,,
16-120P,"C.D.SAMPLES,TESTERS & ADVT MATERIAL",0195,0195,HYDRACTION-SAMPLE,,,,,0,0,0,0,0,0,0,,,,0,,,,,
16-120P,"C.D.SAMPLES,TESTERS & ADVT MATERIAL",0196,0196,HYDRACTION-TESTER,,,,,0,0,0,0,0,0,0,,,,0,,,,,
16-120P,"C.D.SAMPLES,TESTERS & ADVT MATERIAL",0197,0197,HYDRACTION-DUMMY,,,,,0,0,0,0,0,0,0,,,,0,,,,,
16-120P,"C.D.SAMPLES,TESTERS & ADVT MATERIAL",0198,0198,HYDRACTION-ADVT. MATERIALS,,,,,0,0,0,0,0,0,0,,,,0,,,,,
16-120A,CHRISTIAN DIOR PROMOTIONAL ITEMS,0361,0361,HYDRACTION,,,C'DIOR PROMOTIONAL,C'DIOR PROMOTIONAL,0,0,0,0,0,0,0,PROMOTION,PROMOTION,,0,,,,,
16-120,PARFUMS CHRISTIAN DIOR,0236,0236,MAKE UP-LIPS-DIOR ROUGE VELVET,,,C'DIOR,CHRISTIAN DIOR,0,0,0,0,0,0,0,MAKE UP-LIPS,MAKE UP,MAKEUP,0,,,,,
16-120,PARFUMS CHRISTIAN DIOR,0348,0348,CAPTURE ANTI-TACHES,,,C'DIOR,CHRISTIAN DIOR,0,0,0,0,0,0,0,CAPTURE ANTI-TACHES,FACE SKINCARE,SKINCARE,0,,,,,
16-120,PARFUMS CHRISTIAN DIOR,0237,0236,MAKE UP-LIPS-DIOR PLAY EXT SHI,,,C'DIOR,CHRISTIAN DIOR,0,0,0,0,0,0,0,MAKE UP-LIPS,MAKE UP,MAKEUP,0,,,,,
16-120,PARFUMS CHRISTIAN DIOR,0238,0236,MAKE UP-LIPS-SPARKLE SHINE BCK,,,C'DIOR,CHRISTIAN DIOR,0,0,0,0,0,0,0,MAKE UP-LIPS,MAKE UP,MAKEUP,0,,,,,
16-120,PARFUMS CHRISTIAN DIOR,0239,0239,MAKE UP-LIPS-DIOR GOURMETTE,,,C'DIOR,CHRISTIAN DIOR,0,0,0,0,0,0,0,MAKE UP-LIPS,MAKE UP,MAKEUP,0,,,,,
16-120D,CHRISTIAN DIOR DISCONTINUED ITEMS,0237,0237,MAKE-UP LIPS-DIOR PLAY EXT SHI,,,C'DIOR DISCONTINUED,C'DIOR DISCOUNTINUED,0,0,0,0,0,0,0,MAKE UP-LIPS,MAKE UP,MAKEUP,0,,,,,
16-120D,CHRISTIAN DIOR DISCONTINUED ITEMS,0238,0238,MAKE-UP LIPS-SPARKLE SHINE BCK,,,C'DIOR DISCONTINUED,C'DIOR DISCOUNTINUED,0,0,0,0,0,0,0,MAKE UP-LIPS,MAKE UP,MAKEUP,0,,,,,
16-120,PARFUMS CHRISTIAN DIOR,0347,0346,CAPTURE TOTALE,,,C'DIOR,CHRISTIAN DIOR,0,0,0,0,0,763000,763000,CAPTURE TOTALE,FACE SKINCARE,SKINCARE,0,,,,,
16-120D,CHRISTIAN DIOR DISCONTINUED ITEMS,0239,0239,MAKE UP-LIPS-DIOR GOURMETTE,,,C'DIOR DISCONTINUED,C'DIOR DISCOUNTINUED,0,0,0,0,0,0,0,MAKE UP-LIPS,MAKE UP,MAKEUP,0,,,,,
16-120,PARFUMS CHRISTIAN DIOR,0163,0162,DIOR ADDICT-2,,,C'DIOR,CHRISTIAN DIOR,0,0,0,0,0,361500,361500,DIOR ADDICT-2,WOMEN FRAGRANCES,WOMEN,0,,,,,
16-120,PARFUMS CHRISTIAN DIOR,0240,0240,MAKE UP-LIPS-GLOSS SHOW SPARKL,,,C'DIOR,CHRISTIAN DIOR,0,0,0,0,0,0,0,MAKE UP-LIPS,MAKE UP,MAKEUP,0,,,,,
16-120,PARFUMS CHRISTIAN DIOR,0349,0349,CAPTURE R60/80 FIRST WRINKLE,,,C'DIOR,CHRISTIAN DIOR,0,0,0,0,0,586000,586000,CAPT.R60/80 FIRST WRINKLE,FACE SKINCARE,SKINCARE,0,,,,,
16-120,PARFUMS CHRISTIAN DIOR,0242,0242,MAKE UP-LIPS-LIP BEAUTYFIER,,,C'DIOR,CHRISTIAN DIOR,0,0,0,0,0,0,0,MAKE UP-LIPS,MAKE UP,MAKEUP,0,,,,,
16-120,PARFUMS CHRISTIAN DIOR,0243,0242,MAKE UP-LIPS- ROUGE DIOR,,,C'DIOR,CHRISTIAN DIOR,0,0,0,0,0,0,0,MAKE UP-LIPS,MAKE UP,MAKEUP,0,,,,,
16-120P,"C.D.SAMPLES,TESTERS & ADVT MATERIAL",0045,0045,MIDNIGHT CHARM-TESTER,,,,,0,0,0,0,0,0,0,,,,0,,,,,
16-120,PARFUMS CHRISTIAN DIOR,0113,0113,MIDNIGHT CHARM,,,C'DIOR,CHRISTIAN DIOR,0,0,0,0,0,0,0,MIDNIGHT CHARM,WOMEN FRAGRANCES,WOMEN,0,,,,,
16-120,PARFUMS CHRISTIAN DIOR,0244,0244,MAKE UP-LIPS-DIOR PRETTY CHARM,,,C'DIOR,CHRISTIAN DIOR,0,0,0,0,0,0,0,MAKE UP-LIPS,MAKE UP,MAKEUP,0,,,,,
16-120P,"C.D.SAMPLES,TESTERS & ADVT MATERIAL",1008,1008,TESTER-BRUSH,,,,,0,0,0,0,0,0,0,,,,0,,,,,
16-120,PARFUMS CHRISTIAN DIOR,0245,0245,M/UP-LIPS-DIOR ADDICT ULR NUDE,,,C'DIOR,CHRISTIAN DIOR,0,0,0,0,0,0,0,MAKE UP-LIPS,MAKE UP,MAKEUP,0,,,,,
16-120P,"C.D.SAMPLES,TESTERS & ADVT MATERIAL",0715,0715,DIOR ADDICT-2-SAMPLE,,,,,0,0,0,0,0,0,0,,,,0,,,,,
16-120P,"C.D.SAMPLES,TESTERS & ADVT MATERIAL",0716,0716,DIOR ADDICT-2-TESTER,,,,,0,0,0,0,0,0,0,,,,0,,,,,
16-120,PARFUMS CHRISTIAN DIOR,0181,0181,FAHRENHEIT 32,,,C'DIOR,CHRISTIAN DIOR,0,0,0,0,0,694000,694000,FAHRENHEIT 32,MEN FRAGRANCES,MEN,0,,,,,
16-120P,"C.D.SAMPLES,TESTERS & ADVT MATERIAL",0056,,FAHRENHEIT 32 -SAMPLES,,,,,0,0,0,0,0,0,0,,,,0,,,,,
16-120P,"C.D.SAMPLES,TESTERS & ADVT MATERIAL",0057,,FAHRENHEIT 32 - TESTERS,,,,,0,0,0,0,0,0,0,,,,0,,,,,
16-120P,"C.D.SAMPLES,TESTERS & ADVT MATERIAL",0058,,FAHRENHEIT 32 - ADVT MATS,,,,,0,0,0,0,0,0,0,,,,0,,,,,
16-120,PARFUMS CHRISTIAN DIOR,0246,0246,MAKE UP-LIPS-LIP SHOW PALLETTE,,,C'DIOR,CHRISTIAN DIOR,0,0,0,0,0,0,0,MAKE UP-LIPS,MAKE UP,MAKEUP,0,,,,,
16-120,PARFUMS CHRISTIAN DIOR,0212,0212,MAKE/UP EYES & LIPS,,,C'DIOR,CHRISTIAN DIOR,0,0,0,0,0,87000,87000,MAKE UP-LIPS,MAKE UP,MAKEUP,0,,,,,
16-120P,"C.D.SAMPLES,TESTERS & ADVT MATERIAL",1008,1008,1000-GENERAL,,,,,0,0,0,0,0,0,0,,,,0,,,,,
16-120,PARFUMS CHRISTIAN DIOR,0116,0116,MIDNIGHT POISON,,,C'DIOR,CHRISTIAN DIOR,0,0,0,0,0,581000,581000,MIDNIGHT POISON,WOMEN FRAGRANCES,WOMEN,0,,,,,
16-120P,"C.D.SAMPLES,TESTERS & ADVT MATERIAL",0325,,MIDNIGHT POISON-SAMPLE,,,,,0,0,0,0,0,0,0,,,,0,,,,,
16-120P,"C.D.SAMPLES,TESTERS & ADVT MATERIAL",0326,,MIDNIGHT POISON-TESTER,,,,,0,0,0,0,0,0,0,,,,0,,,,,
16-120P,"C.D.SAMPLES,TESTERS & ADVT MATERIAL",0327,,MIDNIGHT POISON-DUMMY,,,,,0,0,0,0,0,0,0,,,,0,,,,,
16-120P,"C.D.SAMPLES,TESTERS & ADVT MATERIAL",0328,,MIDNIGHT POISON-ADVT. MAT,,,,,0,0,0,0,0,0,0,,,,0,,,,,
16-120,PARFUMS CHRISTIAN DIOR,0312,0312,SKIN CARE-L'OR DE VIE,,,C'DIOR,CHRISTIAN DIOR,0,0,0,0,0,148500,148500,SKIN CARE-L'OR DE VIE,FACE SKINCARE,SKINCARE,0,,,,,
16-120P,"C.D.SAMPLES,TESTERS & ADVT MATERIAL",0097,,SKIN CARE-L'OR DE VIE-SAMPLE,,,,,0,0,0,0,0,0,0,,,,0,,,,,
16-120P,"C.D.SAMPLES,TESTERS & ADVT MATERIAL",0098,,SKIN CARE-L'ORE DE VIE-TESTER,,,,,0,0,0,0,0,0,0,,,,0,,,,,
16-120P,"C.D.SAMPLES,TESTERS & ADVT MATERIAL",0099,,L'OR DE VIE-ADV. MATERIALS,,,,,0,0,0,0,0,0,0,,,,0,,,,,
16-120,PARFUMS CHRISTIAN DIOR,0220,0220,MAKE UP LIPS (DIORLIGHT),,,C'DIOR,CHRISTIAN DIOR,0,0,0,0,0,1860000,1860000,MAKE UP-LIPS,MAKE UP,MAKEUP,0,,,,,
16-120,PARFUMS CHRISTIAN DIOR,0213,0213,MAKE UP LIPS(D.LIGHT NECKLACE),,,C'DIOR,CHRISTIAN DIOR,0,0,0,0,0,0,0,MAKE UP-LIPS,MAKE UP,MAKEUP,0,,,,,
16-120A,CHRISTIAN DIOR PROMOTIONAL ITEMS,0347,,CAPTURE TOTALE,,,C'DIOR PROMOTIONAL,C'DIOR PROMOTIONAL,0,0,0,0,0,0,0,PROMOTION,PROMOTION,,0,,,,,
16-120A,CHRISTIAN DIOR PROMOTIONAL ITEMS,0181,0181,FAHRENHEIT 32,,,C'DIOR PROMOTIONAL,C'DIOR PROMOTIONAL,0,0,0,0,0,0,0,PROMOTION,PROMOTION,,0,,,,,
16-120A,CHRISTIAN DIOR PROMOTIONAL ITEMS,0163,0160,DIOR ADDICT 2,,,C'DIOR PROMOTIONAL,C'DIOR PROMOTIONAL,0,0,0,0,0,0,0,PROMOTION,PROMOTION,,0,,,,,
16-120,PARFUMS CHRISTIAN DIOR,0164,0164,DIOR ADDICT SHINE,,,C'DIOR,CHRISTIAN DIOR,0,0,0,0,0,394500,394500,DIOR ADDICT SHINE,WOMEN FRAGRANCES,WOMEN,0,,,,,
16-120P,"C.D.SAMPLES,TESTERS & ADVT MATERIAL",0610,,DIOR ADDICT SHINE-SAMPLE,,,,,0,0,0,0,0,0,0,,,,0,,,,,
16-120P,"C.D.SAMPLES,TESTERS & ADVT MATERIAL",0611,,DIOR ADDICT SHINE-TESTER,,,,,0,0,0,0,0,0,0,,,,0,,,,,
16-120P,"C.D.SAMPLES,TESTERS & ADVT MATERIAL",0612,,DIOR ADDICT SHINE-ADV.MATERIAL,,,,,0,0,0,0,0,0,0,,,,0,,,,,
16-120P,"C.D.SAMPLES,TESTERS & ADVT MATERIAL",0215,,CAPTURE TOTALE-SAMPLE,,,,,0,0,0,0,0,0,0,,,,0,,,,,
16-120P,"C.D.SAMPLES,TESTERS & ADVT MATERIAL",0216,,CAPTURE TOTALE-TESTER,,,,,0,0,0,0,0,0,0,,,,0,,,,,
16-120P,"C.D.SAMPLES,TESTERS & ADVT MATERIAL",0217,,CAPTURE TOTALE-ADV.MAT,,,,,0,0,0,0,0,0,0,,,,0,,,,,
16-120,PARFUMS CHRISTIAN DIOR,0247,0147,M/UP LIPS-D.ADDICT HIGH SHINE,,,C'DIOR,CHRISTIAN DIOR,0,0,0,0,0,0,0,MAKE UP-LIPS,MAKE UP,MAKEUP,0,,,,,
16-120P,"C.D.SAMPLES,TESTERS & ADVT MATERIAL",0115,,ESCALE A PORTOFINO-TESTER,,,,,0,0,0,0,0,0,0,,,,0,,,,,
16-120P,"C.D.SAMPLES,TESTERS & ADVT MATERIAL",0116,,ESCALE A PORTOFINO-SAMPLE,,,,,0,0,0,0,0,0,0,,,,0,,,,,
16-120P,"C.D.SAMPLES,TESTERS & ADVT MATERIAL",0717,,DIORSHOW BLACKOUT-TESTER,,,,,0,0,0,0,0,0,0,,,,0,,,,,
16-120P,"C.D.SAMPLES,TESTERS & ADVT MATERIAL",0718,,DIORSHOW BLACKOUT-SAMPLE,,,,,0,0,0,0,0,0,0,,,,0,,,,,
16-120P,"C.D.SAMPLES,TESTERS & ADVT MATERIAL",0385,,DIORKISS- LIP-TESTER,,,,,0,0,0,0,0,0,0,,,,0,,,,,
16-120P,"C.D.SAMPLES,TESTERS & ADVT MATERIAL",0386,,DIORKISS-LIP-SAMPLE,,,,,0,0,0,0,0,0,0,,,,0,,,,,
16-120P,"C.D.SAMPLES,TESTERS & ADVT MATERIAL",0387,,DIORKISS-LIP-DUMY,,,,,0,0,0,0,0,0,0,,,,0,,,,,
16-120P,"C.D.SAMPLES,TESTERS & ADVT MATERIAL",0388,,DIORKISS-LIP-ADVT MATERIAL,,,,,0,0,0,0,0,0,0,,,,0,,,,,
16-120P,"C.D.SAMPLES,TESTERS & ADVT MATERIAL",1009,,,,,,,0,0,0,0,0,0,0,,,,0,,,,,
16-120P,"C.D.SAMPLES,TESTERS & ADVT MATERIAL",1010,,DIOR GENERIC-TESTER,,,,,0,0,0,0,0,0,0,,,,0,,,,,
16-120P,"C.D.SAMPLES,TESTERS & ADVT MATERIAL",1011,,DIOR GENERIC-SAMPLE,,,,,0,0,0,0,0,0,0,,,,0,,,,,
16-120P,"C.D.SAMPLES,TESTERS & ADVT MATERIAL",1013,,DIOR GENERIC-ADVT MATERIAL,,,,,0,0,0,0,0,0,0,,,,0,,,,,
16-120P,"C.D.SAMPLES,TESTERS & ADVT MATERIAL",1014,,DRAWING PAD-ADVT MATERIAL,,,,,0,0,0,0,0,0,0,,,,0,,,,,
16-120P,"C.D.SAMPLES,TESTERS & ADVT MATERIAL",1015,,DRAWING PAD,,,,,0,0,0,0,0,0,0,,,,0,,,,,
16-120P,"C.D.SAMPLES,TESTERS & ADVT MATERIAL",1016,,DIOR BLOTTER-SAMPLE,,,,,0,0,0,0,0,0,0,,,,0,,,,,
16-120P,"C.D.SAMPLES,TESTERS & ADVT MATERIAL",1017,,DIOR BLOTTER TESTER,,,,,0,0,0,0,0,0,0,,,,0,,,,,
16-120P,"C.D.SAMPLES,TESTERS & ADVT MATERIAL",1018,,DIOR BLOTTER-ADVT MATERIAL,,,,,0,0,0,0,0,0,0,,,,0,,,,,
16-120P,"C.D.SAMPLES,TESTERS & ADVT MATERIAL",1019,,ADVT MATERIAL,,,,,0,0,0,0,0,0,0,,,,0,,,,,
16-120P,"C.D.SAMPLES,TESTERS & ADVT MATERIAL",1020,,TESTER,,,,,0,0,0,0,0,0,0,,,,0,,,,,
16-120P,"C.D.SAMPLES,TESTERS & ADVT MATERIAL",1021,,SAMPLE,,,,,0,0,0,0,0,0,0,,,,0,,,,,
16-120P,"C.D.SAMPLES,TESTERS & ADVT MATERIAL",1022,,PROMOTION (GWP),,,,,0,0,0,0,0,0,0,,,,0,,,,,
16-120,PARFUMS CHRISTIAN DIOR,0165,0165,DIORSHOW BLACKOUT,,,C'DIOR,CHRISTIAN DIOR,0,0,0,0,0,0,0,DIORSHOW BLACKOUT,WOMEN FRAGRANCES,MAKEUP,0,,,,,
16-120,PARFUMS CHRISTIAN DIOR,0117,0117,ESCALE A PORTOFINO,,,C'DIOR,CHRISTIAN DIOR,0,0,0,0,0,173000,173000,ESCALE PORTOFINO,WOMEN FRAGRANCES,WOMEN,0,,,,,
16-120,PARFUMS CHRISTIAN DIOR,0226,0226,MAKE UP-LIPS (DIORKISS-LIP),,,C'DIOR,CHRISTIAN DIOR,0,0,0,0,0,0,0,DIORKISS-LIP,MAKE UP,MAKEUP,0,,,,,
16-120P,"C.D.SAMPLES,TESTERS & ADVT MATERIAL",1023,,DUMMY,,,,,0,0,0,0,0,0,0,,,,0,,,,,
16-120P,"C.D.SAMPLES,TESTERS & ADVT MATERIAL",0719,,DIORSHOW BLACK OUT-ADV MAT,,,,,0,0,0,0,0,0,0,,,,0,,,,,
16-120,PARFUMS CHRISTIAN DIOR,0248,0248,MAKE UP LIPS-(CREAMY LIPGLOSS),,,C'DIOR,CHRISTIAN DIOR,0,0,0,0,0,0,0,MAKE UP-LIPS,MAKE UP,MAKEUP,0,,,,,
16-120,PARFUMS CHRISTIAN DIOR,0249,0249,MAKE UP LIPS-(ULTRA GLOSS),,,C'DIOR,CHRISTIAN DIOR,0,0,0,0,0,0,0,MAKE UP-LIPS,MAKE UP,MAKEUP,0,,,,,
16-120D,PARFUMS CHRISTIAN DIOR,0112,0112,JADORE EDT,,,C'DIOR,CHRISTIAN DIOR,0,0,0,0,0,0,0,J'ADORE,WOMEN FRAGRANCES,WOMEN,0,,,,,
16-120D,PARFUMS CHRISTIAN DIOR,0113,0113,MIDNIGHT CHARM,,,C'DIOR,CHRISTIAN DIOR,0,0,0,0,0,0,0,MIDNIGHT CHARM,WOMEN FRAGRANCES,WOMEN,0,,,,,
16-120D,PARFUMS CHRISTIAN DIOR,0114,0114,CHRIS 1947,,,C'DIOR,CHRISTIAN DIOR,0,0,0,0,0,0,0,CHRIS,WOMEN FRAGRANCES,WOMEN,0,,,,,
16-120D,PARFUMS CHRISTIAN DIOR,0163,0162,DIOR ADDICT-2,,,C'DIOR,CHRISTIAN DIOR,0,0,0,0,0,0,0,DIOR ADDICT-2,WOMEN FRAGRANCES,WOMEN,0,,,,,
16-120D,PARFUMS CHRISTIAN DIOR,0236,0236,MAKE UP-LIPS-DIOR ROUGE VELVET,,,C'DIOR,CHRISTIAN DIOR,0,0,0,0,0,0,0,MAKE UP-LIPS,MAKE UP,MAKEUP,0,,,,,
16-120D,PARFUMS CHRISTIAN DIOR,0240,0240,MAKE UP-LIPS-GLOSS SHOW SPARKL,,,C'DIOR,CHRISTIAN DIOR,0,0,0,0,0,0,0,MAKE UP-LIPS,MAKE UP,MAKEUP,0,,,,,
16-120D,PARFUMS CHRISTIAN DIOR,0243,0242,MAKE UP-LIPS- ROUGE DIOR,,,C'DIOR,CHRISTIAN DIOR,0,0,0,0,0,0,0,MAKE UP-LIPS,MAKE UP,MAKEUP,0,,,,,
16-120D,PARFUMS CHRISTIAN DIOR,0244,0244,MAKE UP-LIPS-DIOR PRETTY CHARM,,,C'DIOR,CHRISTIAN DIOR,0,0,0,0,0,0,0,MAKE UP-LIPS,MAKE UP,MAKEUP,0,,,,,
16-120D,PARFUMS CHRISTIAN DIOR,0245,0245,M/UP-LIPS-DIOR ADDICT ULR NUDE,,,C'DIOR,CHRISTIAN DIOR,0,0,0,0,0,0,0,MAKE UP-LIPS,MAKE UP,MAKEUP,0,,,,,
16-120D,PARFUMS CHRISTIAN DIOR,0246,0246,MAKE UP-LIPS-LIP SHOW PALLETTE,,,C'DIOR,CHRISTIAN DIOR,0,0,0,0,0,0,0,MAKE UP-LIPS,MAKE UP,MAKEUP,0,,,,,
16-120D,PARFUMS CHRISTIAN DIOR,0306,0306,MAKE-UP REMOVER RANGE,,,C'DIOR,CHRISTIAN DIOR,0,0,0,0,0,0,0,REMOVER/SKIN CARE-MASK,FACE SKINCARE,SKINCARE,0,,,,,
16-120,PARFUMS CHRISTIAN DIOR,0166,,DIOR HOMME SPORT,,,C'DIOR,CHRISTIAN DIOR,0,0,0,0,0,836000,836000,DIOR HOMME SPORT,MEN FRAGRANCES,MEN,0,,,,,
16-120,PARFUMS CHRISTIAN DIOR,0214,0214,MAKE UP LIPS-LIP BRUSH,,,C'DIOR,CHRISTIAN DIOR,0,0,0,0,0,0,0,MAKE UP-LIPS,MAKE UP,MAKEUP,0,,,,,
16-120,PARFUMS CHRISTIAN DIOR,0185,,MAKE UP BRUSH,,,C'DIOR,CHRISTIAN DIOR,0,0,0,0,0,0,0,MAKE UP-EYES,MAKE UP,MAKEUP,0,,,,,
16-120A,CHRISTIAN DIOR PROMOTIONAL ITEMS,0116,0115,MIDNIGHT POISON,,,C'DIOR PROMOTIONAL,C'DIOR PROMOTIONAL,0,0,0,0,0,0,0,PROMOTION,PROMOTION,,0,,,,,
16-120A,CHRISTIAN DIOR PROMOTIONAL ITEMS,0159,,DIOR HOMME,,,,,0,0,0,0,0,0,0,PROMOTION,PROMOTION,,0,,,,,
16-120A,CHRISTIAN DIOR PROMOTIONAL ITEMS,0164,,DIOR ADDICT SHINE,,,,,0,0,0,0,0,0,0,PROMOTION,PROMOTION,,0,,,,,
16-120,PARFUMS CHRISTIAN DIOR,0259,0259,M/UP LIPS-D.ADCT HIGH IMPACT,,,C'DIOR,CHRISTIAN DIOR,0,0,0,0,0,0,0,MAKE UP-LIPS,MAKE UP,MAKEUP,0,,,,,
16-120,PARFUMS CHRISTIAN DIOR,0369,0369,M/UP LIPS -ULTRA GLOSS,,,C'DIOR,CHRISTIAN DIOR,0,0,0,0,0,0,0,MAKE UP-LIPS,MAKE UP,MAKEUP,0,,,,,
16-120,PARFUMS CHRISTIAN DIOR,0250,0250,MAKE UP-LIPS-DIOR ADDICT,,,C'DIOR,CHRISTIAN DIOR,0,0,0,0,0,0,0,MAKE UP-LIPS,MAKE UP,MAKEUP,0,,,,,
16-120,PARFUMS CHRISTIAN DIOR,0270,0270,"STAR PRODCT M/UP LIPS,FACE&CHE",,,C'DIOR,CHRISTIAN DIOR,0,0,0,0,0,0,0,MAKE UP-LIPS,MAKE UP,MAKEUP,0,,,,,
16-120,PARFUMS CHRISTIAN DIOR,0216,0216,MAKE UP LIPS(DIOR CRYSTAL),,,C'DIOR,CHRISTIAN DIOR,0,0,0,0,0,0,0,MAKE UP-LIPS,MAKE UP,MAKEUP,0,,,,,
16-120,PARFUMS CHRISTIAN DIOR,0118,0118,EACALE A PONDICHERY,,,C'DIOR,CHRISTIAN DIOR,0,0,0,0,0,0,0,ESCALE A PONDICHERY,WOMEN FRAGRANCES,WOMEN,0,,,,,
16-120P,"C.D.SAMPLES,TESTERS & ADVT MATERIAL",0105,,ESCALE A PONDICHERY-SAMPLE,,,,,0,0,0,0,0,0,0,,,,0,,,,,
16-120P,"C.D.SAMPLES,TESTERS & ADVT MATERIAL",0106,,ESCALE A PONDICHERY-TESTER,,,,,0,0,0,0,0,0,0,,,,0,,,,,
16-120P,"C.D.SAMPLES,TESTERS & ADVT MATERIAL",0107,,ESCALE A PONDICHERY-DUMMY,,,,,0,0,0,0,0,0,0,,,,0,,,,,
16-120P,"C.D.SAMPLES,TESTERS & ADVT MATERIAL",0108,,ESCALE A PONDICHERY-ADV.MAT,,,,,0,0,0,0,0,0,0,,,,0,,,,,
16-120D,PARFUMS CHRISTIAN DIOR,0115,0115,PURE POISON,,,C'DIOR,CHRISTIAN DIOR,0,0,0,0,0,0,0,PURE POISON,WOMEN FRAGRANCES,WOMEN,0,,,,,
16-120D,PARFUMS CHRISTIAN DIOR,0116,0116,MIDNIGHT POISON,,,C'DIOR,CHRISTIAN DIOR,0,0,0,0,0,0,0,MIDNIGHT POISON,WOMEN FRAGRANCES,WOMEN,0,,,,,
16-120D,PARFUMS CHRISTIAN DIOR,0154,0154,MISS DIOR CHERIE,,,C'DIOR,CHRISTIAN DIOR,0,0,0,0,0,0,0,MISS DIOR CHERIE,WOMEN FRAGRANCES,WOMEN,0,,,,,
16-120D,PARFUMS CHRISTIAN DIOR,0159,0159,DIOR HOMME,,,C'DIOR,CHRISTIAN DIOR,0,0,0,0,0,0,0,DIOR HOME,MEN FRAGRANCES,MEN,0,,,,,
16-120D,PARFUMS CHRISTIAN DIOR,0162,0162,DIOR ADDICT EAU FRAICHE,,,C'DIOR,CHRISTIAN DIOR,0,0,0,0,0,0,0,DIOR ADICT EAU FRAICHE,WOMEN FRAGRANCES,WOMEN,0,,,,,
16-120D,PARFUMS CHRISTIAN DIOR,0165,0165,DIORSHOW BLACKOUT,,,C'DIOR,CHRISTIAN DIOR,0,0,0,0,0,0,0,DIORSHOW BLACKOUT,WOMEN FRAGRANCES,WOMEN,0,,,,,
16-120D,PARFUMS CHRISTIAN DIOR,0171,0171,I LOVE DIOR,,,C'DIOR,CHRISTIAN DIOR,0,0,0,0,0,0,0,I LOVE DIOR,WOMEN FRAGRANCES,WOMEN,0,,,,,
16-120D,PARFUMS CHRISTIAN DIOR,0181,0181,FAHRENHEIT 32,,,C'DIOR,CHRISTIAN DIOR,0,0,0,0,0,0,0,FAHRENHEIT 32,MEN FRAGRANCES,MEN,0,,,,,
16-120D,PARFUMS CHRISTIAN DIOR,0212,0212,MAKE/UP EYES & LIPS,,,C'DIOR,CHRISTIAN DIOR,0,0,0,0,0,0,0,MAKE UP-LIPS,MAKE UP,MAKEUP,0,,,,,
16-120D,PARFUMS CHRISTIAN DIOR,0242,0242,MAKE UP-LIPS-LIP BEAUTYFIER,,,C'DIOR,CHRISTIAN DIOR,0,0,0,0,0,0,0,MAKE UP-LIPS,MAKE UP,MAKEUP,0,,,,,
16-120D,PARFUMS CHRISTIAN DIOR,0247,0147,M/UP LIPS-D.ADDICT HIGH SHINE,,,C'DIOR,CHRISTIAN DIOR,0,0,0,0,0,0,0,MAKE UP-LIPS,MAKE UP,MAKEUP,0,,,,,
16-120D,PARFUMS CHRISTIAN DIOR,0248,0248,MAKE UP LIPS-(CREAMY LIPGLOSS),,,C'DIOR,CHRISTIAN DIOR,0,0,0,0,0,0,0,MAKE UP-LIPS,MAKE UP,MAKEUP,0,,,,,
16-120D,PARFUMS CHRISTIAN DIOR,0249,0249,MAKE UP LIPS-(ULTRA GLOSS),,,C'DIOR,CHRISTIAN DIOR,0,0,0,0,0,0,0,MAKE UP-LIPS,MAKE UP,MAKEUP,0,,,,,
16-120D,PARFUMS CHRISTIAN DIOR,0347,0346,CAPTURE TOTALE,,,C'DIOR,CHRISTIAN DIOR,0,0,0,0,0,0,0,CAPTURE TOTALE,FACE SKINCARE,SKINCARE,0,,,,,
16-120D,PARFUMS CHRISTIAN DIOR,0348,0348,CAPTURE ANTI-TACHES,,,C'DIOR,CHRISTIAN DIOR,0,0,0,0,0,0,0,CAPTURE ANTI-TACHES,FACE SKINCARE,SKINCARE,0,,,,,
16-120P,"C.D.SAMPLES,TESTERS & ADVT MATERIAL",0362,,CAPTURE TOTAL RSCUE EYE-TESTER,,,,,0,0,0,0,0,0,0,,,,0,,,,,
16-120P,"C.D.SAMPLES,TESTERS & ADVT MATERIAL",0363,,CAPTURE TOTAL RSCUE EYE-SAMPLE,,,,,0,0,0,0,0,0,0,,,,0,,,,,
16-120P,"C.D.SAMPLES,TESTERS & ADVT MATERIAL",0364,,CAPTURE TOTAL RSCUE EYE-ADVT.M,,,,,0,0,0,0,0,0,0,,,,0,,,,,
16-120P,"C.D.SAMPLES,TESTERS & ADVT MATERIAL",0366,,OMBRE CAPTURE-TESTER,,,,,0,0,0,0,0,0,0,,,,0,,,,,
16-120P,"C.D.SAMPLES,TESTERS & ADVT MATERIAL",0367,,OMBRE CAPTURE-SAMPLE,,,,,0,0,0,0,0,0,0,,,,0,,,,,
16-120P,"C.D.SAMPLES,TESTERS & ADVT MATERIAL",0368,,OMBRE CAPTURE-ADVT.MATERIAL,,,,,0,0,0,0,0,0,0,,,,0,,,,,
16-120P,"C.D.SAMPLES,TESTERS & ADVT MATERIAL",0415,,MAKEUP STAND-TESTER,,,,,0,0,0,0,0,0,0,,,,0,,,,,
16-120P,"C.D.SAMPLES,TESTERS & ADVT MATERIAL",0416,,MAKEUP STAND-SAMPLE,,,,,0,0,0,0,0,0,0,,,,0,,,,,
16-120P,"C.D.SAMPLES,TESTERS & ADVT MATERIAL",0417,,MAKEUP STAND-ADV.MATERIAL,,,,,0,0,0,0,0,0,0,,,,0,,,,,
16-120,PARFUMS CHRISTIAN DIOR,0251,0251,MAKE UP LIPS-SERUM DE ROUGE,,,C'DIOR,CHRISTIAN DIOR,0,0,0,0,0,0,0,MAKE UP-LIPS,MAKE UP,MAKEUP,0,,,,,
16-120P,"C.D.SAMPLES,TESTERS & ADVT MATERIAL",0125,,M_UP LIP-SERUM DE ROUGE-SAMPLE,,,,,0,0,0,0,0,0,0,,,,0,,,,,
16-120P,"C.D.SAMPLES,TESTERS & ADVT MATERIAL",0370,,J'ADORE-DUMMY,,,,,0,0,0,0,0,0,0,,,,0,,,,,
16-120P,"C.D.SAMPLES,TESTERS & ADVT MATERIAL",0126,,M_UP LIP SERUM DE ROUGE-TESTER,,,,,0,0,0,0,0,0,0,,,,0,,,,,
16-120P,"C.D.SAMPLES,TESTERS & ADVT MATERIAL",0140,,DIOR ROUGE-TESTER,,,,,0,0,0,0,0,0,0,,,,0,,,,,
16-120P,"C.D.SAMPLES,TESTERS & ADVT MATERIAL",0141,,DIOR ROUGE-SAMPLE,,,,,0,0,0,0,0,0,0,,,,0,,,,,
16-120P,"C.D.SAMPLES,TESTERS & ADVT MATERIAL",0127,,M_UP LIPS- SERUM DE ROUGE-ADVT,,,,,0,0,0,0,0,0,0,,,,0,,,,,
16-120P,"C.D.SAMPLES,TESTERS & ADVT MATERIAL",0165,,MAKEUP LIPS-DIOR ROUGE-TESTER,,,,,0,0,0,0,0,0,0,,,,0,,,,,
16-120P,"C.D.SAMPLES,TESTERS & ADVT MATERIAL",0166,,MAKEUP LIPS-DIOR ROUGE-SAMPLE,,,,,0,0,0,0,0,0,0,,,,0,,,,,
16-120P,"C.D.SAMPLES,TESTERS & ADVT MATERIAL",0167,,MAKEUP LIPS-DIOR ROUGE-ADVT.M.,,,,,0,0,0,0,0,0,0,,,,0,,,,,
16-120,PARFUMS CHRISTIAN DIOR,0354,,HYDRA LIFE,,,C'DIOR,CHRISTIAN DIOR,0,0,0,0,0,0,0,HYDRA LIFE,FACE SKINCARE,SKINCARE,0,,,,,
16-120,PARFUMS CHRISTIAN DIOR,0215,0215,MAKE UP LIPS(SUMMER JEWELLED),,,C'DIOR,CHRISTIAN DIOR,0,0,0,0,0,0,0,MAKE UP-LIPS,MAKE UP,MAKEUP,0,,,,,
16-120P,"C.D.SAMPLES,TESTERS & ADVT MATERIAL",0186,,HYDRA LIFE-SAMPLE,,,,,0,0,0,0,0,0,0,,,,0,,,,,
16-120P,"C.D.SAMPLES,TESTERS & ADVT MATERIAL",0187,,HYDRA LIFE-TESTER,,,,,0,0,0,0,0,0,0,,,,0,,,,,
16-120P,"C.D.SAMPLES,TESTERS & ADVT MATERIAL",0188,,HYDRA LIFE-ADV.MAT,,,,,0,0,0,0,0,0,0,,,,0,,,,,
16-120,PARFUMS CHRISTIAN DIOR,0119,0119,ESCALE AUX MARQUISES,,,C'DIOR,CHRISTIAN DIOR,0,0,0,0,0,0,0,ESCALE AUX MARQUISES,WOMEN FRAGRANCES,WOMEN,0,,,,,
16-120D,CHRISTIAN DIOR DISCONTINUED ITEMS,0117,0117,ESCALE A PORTOFINO,,,C'DIOR,CHRISTIAN DIOR,0,0,0,0,0,0,0,ESCALE PORTOFINO,WOMEN FRAGRANCES,WOMEN,0,,,,,
16-120D,CHRISTIAN DIOR DISCONTINUED ITEMS,0118,0118,EACALE A PONDICHERY,,,C'DIOR,CHRISTIAN DIOR,0,0,0,0,0,0,0,ESCALE A PONDICHERY,WOMEN FRAGRANCES,WOMEN,0,,,,,
16-120D,CHRISTIAN DIOR DISCONTINUED ITEMS,0119,0119,ESCALE AUX MARQUISES,,,C'DIOR,CHRISTIAN DIOR,0,0,0,0,0,0,0,ESCALE AUX MARQUISES,WOMEN FRAGRANCES,WOMEN,0,,,,,
16-120D,CHRISTIAN DIOR DISCONTINUED ITEMS,0164,0164,DIOR ADDICT SHINE,,,C'DIOR,CHRISTIAN DIOR,0,0,0,0,0,0,0,DIOR ADDICT SHINE,WOMEN FRAGRANCES,WOMEN,0,,,,,
16-120D,CHRISTIAN DIOR DISCONTINUED ITEMS,0166,,DIOR HOMME SPORT,,,C'DIOR,CHRISTIAN DIOR,0,0,0,0,0,0,0,DIOR HOMME SPORT,MEN FRAGRANCES,MEN,0,,,,,
16-120D,CHRISTIAN DIOR DISCONTINUED ITEMS,0172,0172,BIKINI,,,C'DIOR,CHRISTIAN DIOR,0,0,0,0,0,0,0,BIKINI,BODY CARE,SKINCARE,0,,,,,
16-120D,CHRISTIAN DIOR DISCONTINUED ITEMS,0185,,MAKE UP BRUSH,,,C'DIOR,CHRISTIAN DIOR,0,0,0,0,0,0,0,MAKE UP-EYES,MAKE UP,MAKEUP,0,,,,,
16-120D,CHRISTIAN DIOR DISCONTINUED ITEMS,0213,0213,MAKE UP LIPS(D.LIGHT NECKLACE),,,C'DIOR,CHRISTIAN DIOR,0,0,0,0,0,0,0,MAKE UP-LIPS,MAKE UP,MAKEUP,0,,,,,
16-120D,CHRISTIAN DIOR DISCONTINUED ITEMS,0214,0214,MAKE UP LIPS-LIP BRUSH,,,C'DIOR,CHRISTIAN DIOR,0,0,0,0,0,0,0,MAKE UP-LIPS,MAKE UP,MAKEUP,0,,,,,
16-120D,CHRISTIAN DIOR DISCONTINUED ITEMS,0215,0215,MAKE UP LIPS(SUMMER JEWELLED),,,C'DIOR,CHRISTIAN DIOR,0,0,0,0,0,0,0,MAKE UP-LIPS,MAKE UP,MAKEUP,0,,,,,
16-120D,CHRISTIAN DIOR DISCONTINUED ITEMS,0216,0216,MAKE UP LIPS(DIOR CRYSTAL),,,C'DIOR,CHRISTIAN DIOR,0,0,0,0,0,0,0,MAKE UP-LIPS,MAKE UP,MAKEUP,0,,,,,
16-120D,CHRISTIAN DIOR DISCONTINUED ITEMS,0220,0220,MAKE UP LIPS (DIORLIGHT),,,C'DIOR,CHRISTIAN DIOR,0,0,0,0,0,0,0,MAKE UP-LIPS,MAKE UP,MAKEUP,0,,,,,
16-120D,CHRISTIAN DIOR DISCONTINUED ITEMS,0250,0250,MAKE UP-LIPS-DIOR ADDICT,,,C'DIOR,CHRISTIAN DIOR,0,0,0,0,0,0,0,MAKE UP-LIPS,MAKE UP,MAKEUP,0,,,,,
16-120D,CHRISTIAN DIOR DISCONTINUED ITEMS,0251,0251,MAKE UP LIPS-SERUM DE ROUGE,,,C'DIOR,CHRISTIAN DIOR,0,0,0,0,0,0,0,MAKE UP-LIPS,MAKE UP,MAKEUP,0,,,,,
16-120D,CHRISTIAN DIOR DISCONTINUED ITEMS,0259,0259,M/UP LIPS-D.ADCT HIGH IMPACT,,,C'DIOR,CHRISTIAN DIOR,0,0,0,0,0,0,0,MAKE UP-LIPS,MAKE UP,MAKEUP,0,,,,,
16-120D,CHRISTIAN DIOR DISCONTINUED ITEMS,0270,0270,"STAR PRODCT M/UP LIPS,FACE&CHE",,,C'DIOR,CHRISTIAN DIOR,0,0,0,0,0,0,0,MAKE UP-LIPS,MAKE UP,MAKEUP,0,,,,,
16-120D,CHRISTIAN DIOR DISCONTINUED ITEMS,0300,0300,SKIN CARE-H.D.-DRY/SENSITIVE,,,C'DIOR,CHRISTIAN DIOR,0,0,0,0,0,0,0,SKIN CARE-H.D.,FACE SKINCARE,SKINCARE,0,,,,,
16-120D,CHRISTIAN DIOR DISCONTINUED ITEMS,0301,0301,SKIN CARE-H.D.-NORMAL/COMB.,,,C'DIOR,CHRISTIAN DIOR,0,0,0,0,0,0,0,SKIN CARE-H.D.,FACE SKINCARE,SKINCARE,0,,,,,
16-120D,CHRISTIAN DIOR DISCONTINUED ITEMS,0312,0312,SKIN CARE-L'OR DE VIE,,,C'DIOR,CHRISTIAN DIOR,0,0,0,0,0,0,0,SKIN CARE-L'OR DE VIE,FACE SKINCARE,SKINCARE,0,,,,,
16-120D,CHRISTIAN DIOR DISCONTINUED ITEMS,0346,0346,WRINKLE CAPTURE,,,C'DIOR,CHRISTIAN DIOR,0,0,0,0,0,0,0,MAKE UP-LIPS,MAKE UP,MAKEUP,0,,,,,
16-120D,CHRISTIAN DIOR DISCONTINUED ITEMS,0349,0349,CAPTURE R60/80 FIRST WRINKLE,,,C'DIOR,CHRISTIAN DIOR,0,0,0,0,0,0,0,CAPT.R60/80 FIRST WRINKLE,FACE SKINCARE,SKINCARE,0,,,,,
16-120D,CHRISTIAN DIOR DISCONTINUED ITEMS,0354,,HYDRA LIFE,,,C'DIOR,CHRISTIAN DIOR,0,0,0,0,0,0,0,HYDRA LIFE,FACE SKINCARE,SKINCARE,0,,,,,
16-120D,CHRISTIAN DIOR DISCONTINUED ITEMS,0369,0369,M/UP LIPS -ULTRA GLOSS,,,C'DIOR,CHRISTIAN DIOR,0,0,0,0,0,0,0,MAKE UP-LIPS,MAKE UP,MAKEUP,0,,,,,
16-120D,CHRISTIAN DIOR DISCONTINUED ITEMS,0371,0371,ENERGY-MOVE,,,C'DIOR,CHRISTIAN DIOR,0,0,0,0,0,0,0,PROMOTION,PROMOTION,SKINCARE,0,,,,,
16-120D,CHRISTIAN DIOR DISCONTINUED ITEMS,0372,0372,HYDRACTION DEEP,,,C'DIOR,CHRISTIAN DIOR,0,0,0,0,0,0,0,HYDRACTION DEEP,FACE SKINCARE,SKINCARE,0,,,,,
16-120D,CHRISTIAN DIOR DISCONTINUED ITEMS,0372,0372,HYDRACTION DEEP,,,C'DIOR,CHRISTIAN DIOR,0,0,0,0,0,0,0,HYDRACTION DEEP,FACE SKINCARE,SKINCARE,0,,,,,
16-120P,"C.D.SAMPLES,TESTERS & ADVT MATERIAL",0117,,ESCALE AUX MARQUISES-SAMPLE,,,,,0,0,0,0,0,0,0,,,,0,,,,,
16-120P,"C.D.SAMPLES,TESTERS & ADVT MATERIAL",0118,,ESCALE AUX MARQUISES-TESTER,,,,,0,0,0,0,0,0,0,,,,0,,,,,
16-120P,"C.D.SAMPLES,TESTERS & ADVT MATERIAL",0119,,ESCALE AUX MARQUISES-ADV.MAT,,,,,0,0,0,0,0,0,0,,,,0,,,,,
16-120A,PARFUMS CHRISTIAN DIOR,0166,,DIOR HOMME SPORT,,,C'DIOR,CHRISTIAN DIOR,0,0,0,0,0,836000,836000,DIOR HOMME SPORT,MEN FRAGRANCES,,0,,,,,
16-120A,PARFUMS CHRISTIAN DIOR,0230,0230,DOIR ADDICT ULTR GLOSS,,,C'DIOR,CHRISTIAN DIOR,0,0,0,0,0,0,0,MAKE UP-LIPS,MAKE UP,MAKEUP,0,,,,,
16-120A,PARFUMS CHRISTIAN DIOR,0240,0240,MAKE UP-LIPS-GLOSS SHOW SPARKL,,,C'DIOR,CHRISTIAN DIOR,0,0,0,0,0,0,0,MAKE UP-LIPS,MAKE UP,MAKEUP,0,,,,,
16-120A,PARFUMS CHRISTIAN DIOR,0243,0242,MAKE UP-LIPS- ROUGE DIOR,,,C'DIOR,CHRISTIAN DIOR,0,0,0,0,0,0,0,MAKE UP-LIPS,MAKE UP,MAKEUP,0,,,,,
16-120A,PARFUMS CHRISTIAN DIOR,0246,0246,MAKE UP-LIPS-LIP SHOW PALLETTE,,,C'DIOR,CHRISTIAN DIOR,0,0,0,0,0,0,0,MAKE UP-LIPS,MAKE UP,MAKEUP,0,,,,,
16-120A,PARFUMS CHRISTIAN DIOR,0250,0250,MAKE UP-LIPS-DIOR ADDICT,,,C'DIOR,CHRISTIAN DIOR,0,0,0,0,0,0,0,MAKE UP-LIPS,MAKE UP,MAKEUP,0,,,,,
16-120A,PARFUMS CHRISTIAN DIOR,0306,0306,MAKE-UP REMOVER RANGE,,,C'DIOR,CHRISTIAN DIOR,0,0,0,0,0,292000,292000,REMOVER/SKIN CARE-MASK,FACE SKINCARE,SKINCARE,0,,,,,
16-120A,PARFUMS CHRISTIAN DIOR,0352,0352,DIOR BRONZE,,,C'DIOR,CHRISTIAN DIOR,0,0,0,0,0,146000,146000,DIOR BRONZE,SUN CARE,SKINCARE,0,,,,,
16-120A,PARFUMS CHRISTIAN DIOR,0354,,HYDRA LIFE,,,C'DIOR,CHRISTIAN DIOR,0,0,0,0,0,0,0,HYDRA LIFE,FACE SKINCARE,SKINCARE,0,,,,,
16-120A,PARFUMS CHRISTIAN DIOR,0370,0370,DIORSKIN,,,C'DIOR,CHRISTIAN DIOR,0,0,0,0,0,0,0,PROMOTION,PROMOTION,,0,,,,,
16-120A,PARFUMS CHRISTIAN DIOR,0372,0372,HYDRACTION DEEP,,,C'DIOR,CHRISTIAN DIOR,0,0,0,0,0,452000,452000,HYDRACTION DEEP,FACE SKINCARE,SKINCARE,0,,,,,
16-120P,"C.D.SAMPLES,TESTERS & ADVT MATERIAL",1024,,XMAS-SAMPLE,,,,,0,0,0,0,0,0,0,,,,0,,,,,
16-120P,"C.D.SAMPLES,TESTERS & ADVT MATERIAL",1025,,XMAS TESTER,,,,,0,0,0,0,0,0,0,,,,0,,,,,
16-120P,"C.D.SAMPLES,TESTERS & ADVT MATERIAL",1026,,XMAS ADVT MATERIAL/GWP,,,,,0,0,0,0,0,0,0,,,,0,,,,,
16-120P,"C.D.SAMPLES,TESTERS & ADVT MATERIAL",0100,,L'OR DE VIE CREAM-SAMPLE,,,,,0,0,0,0,0,0,0,,,,0,,,,,
16-1203,DIOR-LA COLLECTION PRIVEE,0373,,CCP PATCHOULI,,,,,0,0,0,0,0,0,0,,,,0,,,,,
16-1203,DIOR-LA COLLECTION PRIVEE,0374,,CCP MITZAH,,,,,0,0,0,0,0,0,0,,,,0,,,,,
16-1203,DIOR-LA COLLECTION PRIVEE,0375,,CCP VETIVER,,,,,0,0,0,0,0,0,0,,,,0,,,,,
16-1203,DIOR-LA COLLECTION PRIVEE,0376,,CCP GRANVILLE,,,,,0,0,0,0,0,0,0,,,,0,,,,,
16-1203,DIOR-LA COLLECTION PRIVEE,0377,,CCP ROYALE,,,,,0,0,0,0,0,0,0,,,,0,,,,,
16-1203,DIOR-LA COLLECTION PRIVEE,0378,,CCP MILLY,,,,,0,0,0,0,0,0,0,,,,0,,,,,
16-1203,DIOR-LA COLLECTION PRIVEE,0379,,CCP NEW LOOK 47,,,,,0,0,0,0,0,0,0,,,,0,,,,,
16-1203,DIOR-LA COLLECTION PRIVEE,0380,,CCP LEATHER OUD,,,,,0,0,0,0,0,0,0,,,,0,,,,,
16-1203,DIOR-LA COLLECTION PRIVEE,0381,,CCP EAU NOIRE,,,,,0,0,0,0,0,0,0,,,,0,,,,,
16-1203,DIOR-LA COLLECTION PRIVEE,0382,,CCP BOIS D'ARGENT,,,,,0,0,0,0,0,0,0,,,,0,,,,,
16-1203,DIOR-LA COLLECTION PRIVEE,0383,,CCP AMBRE NUIT,,,,,0,0,0,0,0,0,0,,,,0,,,,,
16-1203P,DIOR-LA COLLECTION PRIVEE (PROMO),0001,,TESTER,,,,,0,0,0,0,0,0,0,,,,0,,,,,
16-1203P,DIOR-LA COLLECTION PRIVEE (PROMO),0002,,PROMOTION (GWP),,,,,0,0,0,0,0,0,0,,,,0,,,,,
16-120,PARFUMS CHRISTIAN DIOR,0182,,FALL LOOK 2011,,,C'DIOR,CHRISTIAN DIOR,0,0,0,0,0,0,0,MAKE UP-EYES,MAKE UP,MAKEUP,0,,,,,
16-120P,"C.D.SAMPLES,TESTERS & ADVT MATERIAL",1027,,FALL LOOK 2011-TESTER,,,,,0,0,0,0,0,0,0,,,,0,,,,,
16-120P,"C.D.SAMPLES,TESTERS & ADVT MATERIAL",1028,,,,,,,0,0,0,0,0,0,0,,,,0,,,,,
16-120,PARFUMS CHRISTIAN DIOR,0373,,DIOR PRESTIGE,,,C'DIOR,CHRISTIAN DIOR,0,0,0,0,0,0,0,DIOR PRESTIGE,FACE SKINCARE,SKINCARE,0,,,,,
16-120P,"C.D.SAMPLES,TESTERS & ADVT MATERIAL",0720,,DIORSHOW WHITE-SAMPLE,,,,,0,0,0,0,0,0,0,,,,0,,,,,
16-120P,"C.D.SAMPLES,TESTERS & ADVT MATERIAL",1029,,GENERIC STAND-TESTER,,,,,0,0,0,0,0,0,0,,,,0,,,,,
16-120P,"C.D.SAMPLES,TESTERS & ADVT MATERIAL",1030,,BROCHURE,,,,,0,0,0,0,0,0,0,,,,0,,,,,
16-120,PARFUMS CHRISTIAN DIOR,0201,,MAKE-UP COFFRET,,,C'DIOR,CHRISTIAN DIOR,0,0,0,0,0,0,0,MAKE UP-EYES,MAKE UP,MAKEUP,0,,,,,
16-120,PARFUMS CHRISTIAN DIOR,0203,,SKINCARE-COFFRET,,,C'DIOR,CHRISTIAN DIOR,0,0,0,0,0,0,0,MAKE UP-FACE,MAKE UP,SKINCARE,0,,,,,
16-120,PARFUMS CHRISTIAN DIOR,0204,,FRAGRANCE-COFFRET,,,C'DIOR,CHRISTIAN DIOR,0,0,0,0,0,0,0,FRAGRANCE-COFFRET,WOMEN FRAGRANCES,WOMEN,0,,,,,
16-120,PARFUMS CHRISTIAN DIOR,0183,,CHRISTMAS LOOK 2011,,,C'DIOR,CHRISTIAN DIOR,0,0,0,0,0,0,0,MAKE UP-EYES,MAKE UP,MAKEUP,0,,,,,
16-120P,"C.D.SAMPLES,TESTERS & ADVT MATERIAL",1031,,CHRISTMAS LOOK 211-TESTERS,,,,,0,0,0,0,0,0,0,,,,0,,,,,
16-1203,DIOR-LA COLLECTION PRIVEE,0384,,MONTAIGNE,,,,,0,0,0,0,0,0,0,,,,0,,,,,
16-1203P,DIOR-LA COLLECTION PRIVEE (PROMO),0385,,,,,,,0,0,0,0,0,0,0,,,,0,,,,,
16-1203P,DIOR-LA COLLECTION PRIVEE (PROMO),0003,,SAMPLE,,,,,0,0,0,0,0,0,0,,,,0,,,,,
16-120P,"C.D.SAMPLES,TESTERS & ADVT MATERIAL",1032,,SKIN TOUR PROMOTIONAL,,,,,0,0,0,0,0,0,0,,,,0,,,,,
16-120P,"C.D.SAMPLES,TESTERS & ADVT MATERIAL",1033,,UNIFORM,,,,,0,0,0,0,0,0,0,,,,0,,,,,
16-120,PARFUMS CHRISTIAN DIOR,0366,,DIORSKIN NUDE,,,C'DIOR,CHRISTIAN DIOR,0,0,0,0,0,0,0,DIORSKIN NUDE,BODY CARE,SKINCARE,0,,,,,
16-1203,DIOR-LA COLLECTION PRIVEE,0385,,GRAND BAL,,,,,0,0,0,0,0,0,0,,,,0,,,,,
16-1203,DIOR-LA COLLECTION PRIVEE,0386,,OUD ISPAHAN,,,,,0,0,0,0,0,0,0,,,,0,,,,,
16-120P,"C.D.SAMPLES,TESTERS & ADVT MATERIAL",1034,,OUD ISPAHAN-SAMPLE,,,,,0,0,0,0,0,0,0,,,,0,,,,,
16-120P,"C.D.SAMPLES,TESTERS & ADVT MATERIAL",1035,,OUD ISPAHAN-SAMPLE,,,,,0,0,0,0,0,0,0,,,,0,,,,,
16-120P,"C.D.SAMPLES,TESTERS & ADVT MATERIAL",1036,,OUD ISPAHAN-DUMMY/DISPLAY,,,,,0,0,0,0,0,0,0,,,,0,,,,,
16-1203P,DIOR-LA COLLECTION PRIVEE (PROMO),0387,,OUD ISPAHAN-TESTER,,,,,0,0,0,0,0,0,0,,,,0,,,,,
16-1203P,DIOR-LA COLLECTION PRIVEE (PROMO),0388,,OUD ISPAHAN-SAMPLE,,,,,0,0,0,0,0,0,0,,,,0,,,,,
16-1203,DIOR-LA COLLECTION PRIVEE,0388,,OUD ISPAHAN-DUMMY/DISP/BLOTTER,,,,,0,0,0,0,0,0,0,,,,0,,,,,
16-120D,CHRISTIAN DIOR DISCONTINUED ITEMS,0182,,FALL LOOK 2011,,,C'DIOR,CHRISTIAN DIOR,0,0,0,0,0,0,0,MAKE UP-EYES,MAKE UP,MAKEUP,0,,,,,
16-120D,CHRISTIAN DIOR DISCONTINUED ITEMS,0183,,CHRISTMAS LOOK 2011,,,C'DIOR,CHRISTIAN DIOR,0,0,0,0,0,0,0,MAKE UP-EYES,MAKE UP,MAKEUP,0,,,,,
16-120D,CHRISTIAN DIOR DISCONTINUED ITEMS,0201,,MAKE-UP COFFRET,,,C'DIOR,CHRISTIAN DIOR,0,0,0,0,0,0,0,MAKE UP-EYES,MAKE UP,MAKEUP,0,,,,,
16-120D,CHRISTIAN DIOR DISCONTINUED ITEMS,0204,,FRAGRANCE COFFRET,,,C'DIOR,CHRISTIAN DIOR,0,0,0,0,0,0,0,MAKE UP-EYES,MAKE UP,MAKEUP,0,,,,,
16-120D,CHRISTIAN DIOR DISCONTINUED ITEMS,0402,,DIOR HOMME,,,C'DIOR,CHRISTIAN DIOR,0,0,0,0,0,0,0,DIOR HOMME,MEN FRAGRANCES,MEN,0,,,,,
16-120P,"C.D.SAMPLES,TESTERS & ADVT MATERIAL",1037,,TRAINING MATERIALS(2013),,,,,0,0,0,0,0,0,0,,,,0,,,,,
16-1203,DIOR-LA COLLECTION PRIVEE,0387,,CCP GRIS MONTAIGNE,,,,,0,0,0,0,0,0,0,,,,0,,,,,
16-120P,"C.D.SAMPLES,TESTERS & ADVT MATERIAL",0249,,TESTERS-JELLY LIP PEN,,,,,0,0,0,0,0,0,0,,,,0,,,,,
16-1203,DIOR-LA COLLECTION PRIVEE,0390,,CUIR CANNAGE,,,,,0,0,0,0,0,0,0,,,,0,,,,,
16-1203,DIOR-LA COLLECTION PRIVEE,0391,,CPCD-FEVE DELICIEUSE,,,,,0,0,0,0,0,0,0,,,,0,,,,,
16-120P,"C.D.SAMPLES,TESTERS & ADVT MATERIAL",0019,,MD EVENT BLOTTER,,,,,0,0,0,0,0,0,0,,,,0,,,,,
16-120P,"C.D.SAMPLES,TESTERS & ADVT MATERIAL",0020,,MISS DIOR BLOTTER,,,,,0,0,0,0,0,0,0,,,,0,,,,,
16-1203,DIOR-LA COLLECTION PRIVEE,0391,,CPCD-FEVE DELICIEUSE,,,,,0,0,0,0,0,0,0,,,,0,,,,,
16-120P,"C.D.SAMPLES,TESTERS & ADVT MATERIAL",0019,,MD EVENT BLOTTER,,,,,0,0,0,0,0,0,0,,,,0,,,,,
16-120P,"C.D.SAMPLES,TESTERS & ADVT MATERIAL",0020,,MISS DIOR BLOTTER,,,,,0,0,0,0,0,0,0,,,,0,,,,,
16-120,PARFUMS CHRISTIAN DIOR,0140,,SAUVAGE,,,C'DIOR,CHRISTIAN DIOR,0,0,0,0,0,0,0,SAUVAGE,MEN FRAGRANCES,MEN,0,,,,,
16-120P,"C.D.SAMPLES,TESTERS & ADVT MATERIAL",0128,,SAUVAGE-TESTER,,,,,0,0,0,0,0,0,0,,,,0,,,,,
16-120P,"C.D.SAMPLES,TESTERS & ADVT MATERIAL",0129,,SAUVAGE-SAMPLE,,,,,0,0,0,0,0,0,0,,,,0,,,,,
16-120P,"C.D.SAMPLES,TESTERS & ADVT MATERIAL",0130,,SAUVAGE-ADVERTISEMENT,,,,,0,0,0,0,0,0,0,,,,0,,,,,
16-120,PARFUMS CHRISTIAN DIOR,0140,,SAUVAGE,,,,,0,0,0,0,0,0,0,,,,0,,,,,
16-120P,"C.D.SAMPLES,TESTERS & ADVT MATERIAL",0128,,SAUVAGE-TESTER,,,,,0,0,0,0,0,0,0,,,,0,,,,,
16-120P,"C.D.SAMPLES,TESTERS & ADVT MATERIAL",0129,,SAUVAGE-SAMPLE,,,,,0,0,0,0,0,0,0,,,,0,,,,,
16-120,PARFUMS CHRISTIAN DIOR,0327,,SKIN CARE-PHENOMEN A,,,,,0,0,0,0,0,0,0,,,,0,,,,,
16-120,PARFUMS CHRISTIAN DIOR,0327,,SKIN CARE-PHENOMEN A,,,,,0,0,0,0,0,0,0,,,,0,,,,,
